1.753549029710862637e+09 4.761995430314527766e+00 0.000000000000000000e+00 0.000000000000000000e+00 9.520182787418884907e-02 0.000000000000000000e+00 0.000000000000000000e+00 0.000000000000000000e+00 0.000000000000000000e+00 0.000000000000000000e+00 0.000000000000000000e+00 4.761995430314527766e+00 0.000000000000000000e+00 0.000000000000000000e+00 9.520182787418884907e-02 0.000000000000000000e+00 0.000000000000000000e+00 0.000000000000000000e+00 0.000000000000000000e+00 0.000000000000000000e+00 0.000000000000000000e+00 4.761995430314527766e+00 0.000000000000000000e+00 0.000000000000000000e+00 9.520182787418884907e-02 0.000000000000000000e+00 0.000000000000000000e+00 0.000000000000000000e+00 9.520182787418884907e-02 0.000000000000000000e+00 0.000000000000000000e+00 1.000019192698503332e+02 0.000000000000000000e+00 0.000000000000000000e+00 2.000000000000000000e+00 0.000000000000000000e+00 0.000000000000000000e+00 0.000000000000000000e+00 9.520182787418884907e-02 0.000000000000000000e+00 0.000000000000000000e+00 1.000019192698503332e+02 0.000000000000000000e+00 0.000000000000000000e+00 2.000000000000000000e+00 0.000000000000000000e+00 0.000000000000000000e+00 0.000000000000000000e+00 9.520182787418884907e-02 0.000000000000000000e+00 0.000000000000000000e+00 1.000019192698503332e+02 0.000000000000000000e+00 0.000000000000000000e+00 2.000000000000000000e+00 0.000000000000000000e+00 0.000000000000000000e+00 0.000000000000000000e+00 2.000000000000000000e+00 0.000000000000000000e+00 0.000000000000000000e+00 1.000000000010000036e+02 0.000000000000000000e+00 0.000000000000000000e+00 0.000000000000000000e+00 0.000000000000000000e+00 0.000000000000000000e+00 0.000000000000000000e+00 2.000000000000000000e+00 0.000000000000000000e+00 0.000000000000000000e+00 1.000000000010000036e+02 0.000000000000000000e+00 0.000000000000000000e+00 0.000000000000000000e+00 0.000000000000000000e+00 0.000000000000000000e+00 0.000000000000000000e+00 2.000000000000000000e+00 0.000000000000000000e+00 0.000000000000000000e+00 1.000000000010000036e+02
1.753549029710896969e+09 2.439049921937004761e+00 -1.422207210585121651e-16 -1.601433615026585332e-08 5.051943721044879765e-02 -4.143885119649878910e-05 -3.091622661148799789e-10 3.515953115598585981e-05 -8.287605487139793644e-07 2.199234395635874783e-13 -1.422207272430523628e-16 2.439049921937005205e+00 2.166080590430283195e-08 4.143885119650439985e-05 5.051943721044879765e-02 4.181693063272973922e-10 8.287605487139830702e-07 3.515953115598585981e-05 -2.974659013957603518e-13 -1.601433615026585663e-08 2.166080590430283526e-08 2.439049922413217608e+00 3.155616572225242127e-10 -4.275582522604539140e-10 5.051992551979653245e-02 2.128526182920216583e-13 -3.025657691294605466e-13 3.516929733014074804e-05 5.051943721044879765e-02 4.143885119650440662e-05 3.155616572225241093e-10 1.000010601285975440e+02 -5.537477892674988467e-20 6.092026302586570479e-12 2.003432533939450089e+00 1.577990382151731573e-08 -4.333579887394283295e-15 -4.143885119649878910e-05 5.051943721044879765e-02 -4.275582522604539140e-10 -5.526889980834309712e-20 1.000010601285975440e+02 -8.254159081253270468e-12 -1.577990382151738852e-08 2.003432533939450089e+00 5.871619064856085656e-15 -3.091622661148799272e-10 4.181693063272973922e-10 5.051992551979651858e-02 6.092026302586570479e-12 -8.254159081253268853e-12 1.000010601100021859e+02 4.109192988218529099e-15 -5.841136214147894521e-15 2.003432533753498390e+00 3.515953115598585981e-05 8.287605487139831761e-07 2.128526182920216835e-13 2.003432533939450089e+00 -1.577990382151738521e-08 4.109192988218530677e-15 1.000000000015170372e+02 -2.584939414228211484e-26 -2.923085883526909260e-18 -8.287605487139793644e-07 3.515953115598585303e-05 -3.025657691294605971e-13 1.577990382151730911e-08 2.003432533939450089e+00 -5.841136214147892943e-15 -2.584939414228211484e-26 1.000000000015170372e+02 4.155108523811563850e-18 2.199234395635874783e-13 -2.974659013957604022e-13 3.516929733014074804e-05 -4.333579887394283295e-15 5.871619064856085656e-15 2.003432533753498390e+00 -2.923085883526908875e-18 4.155108523811560768e-18 1.000000000015170372e+02
1.753549029710916042e+09 1.639356683834286343e+00 -8.794062929075487189e-17 -6.462780974933119749e-09 3.523736105701945343e-02 -5.043752863324810220e-05 -1.162468049898159816e-10 4.931142094242519291e-05 -1.009509362060956203e-06 2.592244671492444456e-13 -8.794063218681035287e-17 1.639356683834286788e+00 2.230712202616406855e-08 5.043752863325395689e-05 3.523736105701943955e-02 4.330435378582467290e-10 1.009509362060961285e-06 4.931142094242519291e-05 -2.586928116686220812e-13 -6.462780974933122231e-09 2.230712202616406855e-08 1.639356684180368173e+00 2.795275359113751865e-10 -5.213681791922555352e-10 3.523788822070100801e-02 2.311932585422717245e-13 -5.326216248775341891e-13 4.932197105688068196e-05 3.523736105701945343e-02 5.043752863325397045e-05 2.795275359113750831e-10 1.000007671157238747e+02 -8.890915317034121481e-20 5.080463815037407349e-12 2.005339365511985328e+00 2.562483425983638891e-08 -1.016057007490713228e-14 -5.043752863324811576e-05 3.523736105701943955e-02 -5.213681791922554318e-10 -8.880545299190405807e-20 1.000007671157238747e+02 -9.783245015622832479e-12 -2.562483425983654442e-08 2.005339365511985328e+00 1.280558675057585947e-14 -1.162468049898158782e-10 4.330435378582465739e-10 3.523788822070100107e-02 5.080463815037404925e-12 -9.783245015622829248e-12 1.000007670868304359e+02 4.184727978176358721e-15 -1.009783740750473089e-14 2.005339365222826853e+00 4.931142094242519969e-05 1.009509362060961497e-06 2.311932585422716741e-13 2.005339365511985328e+00 -2.562483425983653780e-08 4.184727978176361087e-15 1.000000000017931825e+02 -8.072358673728336837e-26 -8.748694340602926396e-18 -1.009509362060956203e-06 4.931142094242518614e-05 -5.326216248775340881e-13 2.562483425983638229e-08 2.005339365511985328e+00 -1.009783740750472773e-14 -7.002029259325250053e-26 1.000000000017931825e+02 1.101346015304042565e-17 2.592244671492444961e-13 -2.586928116686221317e-13 4.932197105688068196e-05 -1.016057007490713543e-14 1.280558675057585789e-14 2.005339365222826853e+00 -8.748694340602926396e-18 1.101346015304042256e-17 1.000000000017931683e+02
1.753549029710931063e+09 1.639357765730899752e+00 -1.195282861666761712e-12 -8.401354702496890169e-09 3.673762349758208368e-02 -7.887680600012567241e-05 -7.519821524954395038e-12 3.782236274175333334e-06 -1.579808151221601526e-06 3.219116156703121019e-12 -1.195282861674206135e-12 1.639357765790959931e+00 4.708893410914582451e-08 7.884661150136887950e-05 3.673914156725231056e-02 4.598698541704174208e-11 7.522895957998024249e-08 7.942696175979488643e-05 -1.797080999956862798e-11 -8.401354702496891824e-09 4.708893410914582451e-08 1.639344910957707624e+00 2.795214193149826803e-10 -5.213649109690878933e-10 1.749507071071484390e-03 1.100913605476640446e-14 -5.326182433032615841e-13 -6.227537334910227809e-04 3.673762349758207674e-02 7.884661150136889306e-05 2.795214193149825252e-10 9.996247107245189056e+01 4.897616982446048632e-10 2.419211291769524422e-13 9.556387630985554993e-02 2.562483425983638891e-08 -1.072598706177881633e-13 -7.887680600012568597e-05 3.673914156725230362e-02 -5.213649109690877899e-10 4.897616982447086744e-10 1.000008273811654504e+02 -4.658651375254483582e-13 -1.220230202816898948e-09 2.006841402560352261e+00 1.997890760881666184e-13 -7.519821524954388575e-12 4.598698541704174208e-11 1.749507071071483956e-03 2.419211291769523412e-13 -4.658651375254481562e-13 4.761906637972228573e+00 9.489104020777708199e-18 -4.808456036351402908e-16 9.556312330465506488e-02 3.782236274175333757e-06 7.522895957998026896e-08 1.100913605476640446e-14 9.556387630985554993e-02 -1.220230202816898741e-09 9.489104020777715903e-18 4.761904761911095463e+00 -3.843961156835166009e-27 -4.225229856269534259e-18 -1.579808151221601526e-06 7.942696175979488643e-05 -5.326182433032614832e-13 2.562483425983638229e-08 2.006841402560352261e+00 -4.808456036351402908e-16 -3.334280483323444931e-27 1.000000000027931861e+02 2.040096332480571024e-16 3.219116156703118192e-12 -1.797080999956862475e-11 -6.227537334910226725e-04 -1.072598706177881255e-13 1.997890760881665427e-13 9.556312330465507876e-02 -4.225229856269532719e-18 2.040096332480571518e-16 9.996164399631754804e+01
1.753549029710945606e+09 1.234576178057002593e+00 -1.251247555255298095e-12 -5.875417262580324738e-09 2.876118849763942623e-02 -8.014546212478989098e-05 -5.099794212703433955e-12 3.894821392725791250e-06 -1.606035298649392093e-06 2.254379128615413630e-12 -1.251247555262334987e-12 1.234576178120692092e+00 4.274507967873279986e-08 8.011474412562412818e-05 2.876275288780782979e-02 4.181233823387216206e-11 7.647787136351762295e-08 8.179124924803288818e-05 -1.631213391567909271e-11 -5.875417262580325565e-09 4.274507967873279324e-08 1.234568299115461176e+00 2.544721153818790586e-10 -7.192725419963173614e-10 1.369678026994803352e-03 1.349997759770139516e-14 -1.332107532937917227e-12 -4.679406714107465755e-04 2.876118849763941582e-02 8.011474412562412818e-05 2.544721153818789036e-10 9.996225416773772565e+01 6.914633331457403196e-10 2.034125040870405567e-13 9.563310147926720739e-02 3.615188269533318502e-08 -9.797239382434380830e-14 -8.014546212478989098e-05 2.876275288780782285e-02 -7.192725419963171546e-10 6.914633331462502764e-10 1.000006660661519788e+02 -6.425401669385601886e-13 -1.721518223570659322e-09 2.008295131084041341e+00 2.756461658939053904e-13 -5.099794212703429916e-12 4.181233823387214913e-11 1.369678026994802919e-03 2.034125040870404557e-13 -6.425401669385599867e-13 4.761908941545288876e+00 1.089906311427405831e-17 -1.245348026896960775e-15 9.701708901905513327e-02 3.894821392725792097e-06 7.647787136351763618e-08 1.349997759770139516e-14 9.563310147926720739e-02 -1.721518223570659322e-09 1.089906311427406910e-17 4.761904762907064992e+00 -1.484532953595304141e-26 -5.195446881702802568e-18 -1.606035298649392516e-06 8.179124924803290173e-05 -1.332107532937917025e-12 3.615188269533317178e-08 2.008295131084041341e+00 -1.245348026896961170e-15 -1.421506548982895263e-26 1.000000000020158666e+02 5.094510242103038271e-16 2.254379128615412014e-12 -1.631213391567909271e-11 -4.679406714107464671e-04 -9.797239382434374519e-14 2.756461658939052895e-13 9.701708901905514715e-02 -5.195446881702798716e-18 5.094510242103038271e-16 9.996164393916525626e+01
1.753549029710960150e+09 9.901048855727345721e-01 -1.419070323965602078e-12 -3.965892811988088224e-09 2.423163248988492724e-02 -8.347823061770723882e-05 -3.207257665164929225e-12 4.238840936365814285e-06 -1.673661099817912784e-06 1.526300159020640410e-12 -1.419070323971986272e-12 9.901048856481748928e-01 4.835471761134955446e-08 8.344619600173525521e-05 2.423333629110675791e-02 4.847689962822068562e-11 7.969814761110722651e-08 8.901565966286736778e-05 -1.843015116024167177e-11 -3.965892811988089051e-09 4.835471761134954123e-08 9.900992927218253969e-01 2.270410489590551058e-10 -8.691510107347995242e-10 1.153990256176506361e-03 1.405797249730870742e-14 -2.143405449892497874e-12 -3.741475549143263705e-04 2.423163248988491683e-02 8.344619600173526876e-05 2.270410489590549507e-10 9.996211051892882438e+01 8.500917694748002130e-10 1.630519298268955591e-13 9.570233078307668895e-02 4.441332633793285367e-08 -8.777020654098007313e-14 -8.347823061770721172e-05 2.423333629110675444e-02 -8.691510107347994208e-10 8.500917694757003923e-10 1.000005780506212005e+02 -7.695607608256232057e-13 -2.114920301825716306e-09 2.009748946425927496e+00 3.332356152677953459e-13 -3.207257665164926397e-12 4.847689962822069208e-11 1.153990256176505927e-03 1.630519298268954076e-13 -7.695607608256232057e-13 4.761911453529777738e+00 1.021009942694359960e-17 -2.015370115827402507e-15 9.847099219307133000e-02 4.238840936365814285e-06 7.969814761110723975e-08 1.405797249730870427e-14 9.570233078307668895e-02 -2.114920301825715892e-09 1.021009942694361346e-17 4.761904763902582438e+00 -3.066662227254841803e-26 -5.432388675210931949e-18 -1.673661099817912784e-06 8.901565966286736778e-05 -2.143405449892498278e-12 4.441332633793284705e-08 2.009748946425927496e+00 -2.015370115827403296e-15 -2.945286804984466199e-26 1.000000000010391119e+02 8.195380354682241105e-16 1.526300159020638593e-12 -1.843015116024167177e-11 -3.741475549143263163e-04 -8.777020654097999740e-14 3.332356152677953459e-13 9.847099219307134388e-02 -5.432388675210926557e-18 8.195380354682241105e-16 9.996164390525507315e+01
1.753549029710974216e+09 9.901055880623316208e-01 -2.192830868845331711e-12 -4.125305725165991137e-09 2.563766270434065034e-02 -9.554182437096490931e-05 -1.737895695846452745e-12 2.860613361359902453e-06 -1.916106480559901020e-06 1.621255851187194544e-12 -2.192830868853396319e-12 9.901055881965051819e-01 8.038965388889209039e-08 9.550422843830108416e-05 2.563996395979289272e-02 4.395355058155327316e-11 4.673430438997754010e-08 1.172851478506959462e-04 -3.141379307485886002e-11 -4.125305725165992792e-09 8.038965388889206392e-08 9.900991744172465969e-01 2.270408931409330848e-10 -8.691509554585397729e-10 6.253739500444014700e-04 7.200424354915779994e-15 -2.143405226171545153e-12 -3.852545034800253254e-04 2.563766270434063993e-02 9.550422843830108416e-05 2.270408931409329297e-10 9.996117366698156559e+01 8.714352260629748253e-10 8.351363835108257457e-14 4.905257598644600925e-02 4.441332633793285367e-08 -8.943837369656208856e-14 -9.554182437096489576e-05 2.563996395979288578e-02 -8.691509554585396695e-10 8.714352260638750046e-10 1.000006346124640118e+02 -3.941624984433991014e-13 -1.083251861578072808e-09 2.011155616042641370e+00 3.411091900059462739e-13 -1.737895695846451533e-12 4.395355058155326669e-11 6.253739500444012531e-04 8.351363835108249884e-14 -3.941624984433991014e-13 2.439026877976706587e+00 2.678534070613730686e-18 -1.032255834834340684e-15 5.115652512577478078e-02 2.860613361359902453e-06 4.673430438997754672e-08 7.200424354915778416e-15 4.905257598644600925e-02 -1.083251861578072808e-09 2.678534070613734153e-18 2.439024391030362615e+00 -1.570729325025497916e-26 -2.835947834104611733e-18 -1.916106480559901020e-06 1.172851478506959462e-04 -2.143405226171545557e-12 4.441332633793284705e-08 2.011155616042641370e+00 -1.032255834834341078e-15 -1.508561425832933711e-26 1.000000000020391155e+02 8.401577839133819026e-16 1.621255851187192726e-12 -3.141379307485886002e-11 -3.852545034800252712e-04 -8.943837369656202545e-14 3.411091900059462739e-13 5.115652512577478772e-02 -2.835947834104608652e-18 8.401577839133819026e-16 9.996062203295213067e+01
1.753549029710987329e+09 8.264513454090055555e-01 -2.092162267280704827e-12 -2.963380259173781478e-09 2.249409807159552521e-02 -8.913501955665239216e-05 -1.128453798775354938e-12 2.924670325750345788e-06 -1.788144141790937141e-06 1.166883787717798652e-12 -2.092162267287332369e-12 8.264513455492616956e-01 7.513834893885933840e-08 8.909991152154988559e-05 2.249645239175172839e-02 4.128340569627646912e-11 4.361327173947414782e-08 1.199114833874464283e-04 -2.935846862437130378e-11 -2.963380259173782305e-09 7.513834893885931193e-08 8.264464080333964180e-01 2.038810364510254263e-10 -1.130567092426680343e-09 5.486986931593859250e-04 7.301709834703492535e-15 -3.949215512299633917e-12 -3.210161255314547828e-04 2.249409807159551133e-02 8.909991152154985849e-05 2.038810364510252712e-10 9.996105371692902963e+01 1.010962870970616581e-09 6.379771599705423992e-14 4.908454320260700193e-02 5.149089738765700746e-08 -8.052398242249399297e-14 -8.913501955665236506e-05 2.249645239175172146e-02 -1.130567092426680136e-09 1.010962870971661103e-09 1.000005661120063962e+02 -5.213294343071749638e-13 -1.255875545708498926e-09 2.012466271837187737e+00 4.435811829046253629e-13 -1.128453798775353727e-12 4.128340569627646265e-11 5.486986931593854913e-04 6.379771599705412632e-14 -5.213294343071751658e-13 2.439028165660705127e+00 2.247694855461660257e-18 -1.983637532479552010e-15 5.246735315080431478e-02 2.924670325750345788e-06 4.361327173947415444e-08 7.301709834703490958e-15 4.908454320260700193e-02 -1.255875545708499133e-09 2.247694855461664109e-18 2.439024392028312782e+00 2.128191300817166013e-26 -2.884573062589556321e-18 -1.788144141790937141e-06 1.199114833874464418e-04 -3.949215512299633917e-12 5.149089738765700084e-08 2.012466271837187737e+00 -1.983637532479552799e-15 2.217376856885802535e-26 9.999999999959314323e+01 1.546551206880250002e-15 1.166883787717797440e-12 -2.935846862437131024e-11 -3.210161255314547828e-04 -8.052398242249390462e-14 4.435811829046253629e-13 5.246735315080432172e-02 -2.884573062589552084e-18 1.546551206880250397e-15 9.996062200926061792e+01
1.753549029711000681e+09 7.092240439297616827e-01 -2.302467675262048085e-12 -1.905102183376235442e-09 2.044861785614508071e-02 -9.333616736303086627e-05 -5.324283530543669775e-13 3.072151694525143799e-06 -1.873491797808302084e-06 7.538403768367024084e-13 -2.302467675270424097e-12 7.092240440845207772e-01 7.716273526280496099e-08 9.329935924554044952e-05 2.045109253678180361e-02 4.334476236997754283e-11 4.569492188734413643e-08 1.259582195042493742e-04 -3.013113920117923838e-11 -1.905102183376235856e-09 7.716273526280496099e-08 7.092199635602368657e-01 1.823630726014204766e-10 -1.338024587832369764e-09 4.988108646622687898e-04 6.808289855706973263e-15 -5.655031764029651424e-12 -2.748807656287133934e-04 2.044861785614507030e-02 9.329935924554046307e-05 1.823630726014203215e-10 9.996095757473695187e+01 1.133240761465274542e-09 4.505193185099740935e-14 4.911709304948890659e-02 5.768056958947274425e-08 -7.225279956885347019e-14 -9.333616736303082561e-05 2.045109253678179667e-02 -1.338024587832369557e-09 1.133240761466387927e-09 1.000005223915637345e+02 -6.151410928963249373e-13 -1.406843160397830745e-09 2.013800815485701889e+00 5.250571865067344839e-13 -5.324283530543660687e-13 4.334476236997754283e-11 4.988108646622683561e-04 4.505193185099728944e-14 -6.151410928963250382e-13 2.439029527521605623e+00 1.438832043462451597e-18 -2.862277702022044224e-15 5.380200339625682004e-02 3.072151694525143799e-06 4.569492188734414967e-08 6.808289855706970108e-15 4.911709304948890659e-02 -1.406843160397830952e-09 1.438832043462455449e-18 2.439024393026112847e+00 5.357205186816120984e-26 -2.702011444735108716e-18 -1.873491797808302084e-06 1.259582195042493742e-04 -5.655031764029653039e-12 5.768056958947275748e-08 2.013800815485701889e+00 -2.862277702022045012e-15 5.461233387970036964e-26 9.999999999689475771e+01 2.214284765874401127e-15 7.538403768367013986e-13 -3.013113920117923838e-11 -2.748807656287133392e-04 -7.225279956885336922e-14 5.250571865067345849e-13 5.380200339625682698e-02 -2.702011444735103708e-18 2.214284765874401916e-15 9.996062199265089987e+01
1.753549029711013556e+09 7.092245880178977835e-01 -3.315596847736347883e-12 -1.191400583992109025e-09 2.173543664865140723e-02 -1.105062105632302925e-04 -2.047338860320212113e-14 2.489881971111851133e-06 -2.219259143904506882e-06 4.774481614942095652e-13 -3.315596847747721617e-12 7.092245882447677507e-01 1.076545312633469633e-07 1.104622237338686582e-04 2.173844704783573639e-02 4.354721584193799517e-11 3.638129741427178271e-08 1.518828003496413995e-04 -4.242900057065729995e-11 -1.191400583992109232e-09 1.076545312633469633e-07 7.092199400184400204e-01 1.823630250768114091e-10 -1.338024624715320956e-09 3.563695843523500802e-04 4.576063614706000013e-15 -5.655031596876629926e-12 -2.781144919034551845e-04 2.173543664865139682e-02 1.104622237338686718e-04 1.823630250768112540e-10 9.996063412429360540e+01 1.143260060601569684e-09 3.028014842166835234e-14 3.303423400546121741e-02 5.768056958947274425e-08 -7.258640210920504506e-14 -1.105062105632302654e-04 2.173844704783573292e-02 -1.338024624715320750e-09 1.143260060602683069e-09 1.000005742629124086e+02 -4.134506063994183504e-13 -9.455831073276167949e-10 2.015088275812810359e+00 5.296125275293786110e-13 -2.047338860320174248e-14 4.354721584193796285e-11 3.563695843523497549e-04 3.028014842166827661e-14 -4.134506063994184514e-13 1.639347216897600656e+00 6.499908787824512363e-19 -1.923805143939088660e-15 3.702697116212566586e-02 2.489881971111851133e-06 3.638129741427178932e-08 4.576063614705998435e-15 3.303423400546121741e-02 -9.455831073276167949e-10 6.499908787824530659e-19 1.639344264003734342e+00 3.600744505205225781e-26 -1.823267515976782034e-18 -2.219259143904506882e-06 1.518828003496413995e-04 -5.655031596876631541e-12 5.768056958947275748e-08 2.015088275812810359e+00 -1.923805143939089449e-15 3.670665099387881762e-26 9.999999999789476135e+01 2.235480849547294849e-15 4.774481614942087574e-13 -4.242900057065729995e-11 -2.781144919034551303e-04 -7.258640210920494408e-14 5.296125275293787119e-13 3.702697116212566586e-02 -1.823267515976778568e-18 2.235480849547295638e-15 9.996021403820833484e+01
1.753549029711026192e+09 6.211220744573902053e-01 -3.423506898577898053e-12 -3.928741871634843668e-10 2.014147697688109875e-02 -1.115365078175616938e-04 3.105756006160895223e-13 2.546117429339359173e-06 -2.240954098765922292e-06 1.630762792646533093e-13 -3.423506898588684117e-12 6.211220746946264359e-01 1.067500378726834490e-07 1.114920631569736245e-04 2.014455729701408737e-02 4.396014194339588899e-11 3.673695241373846881e-08 1.553131632955840539e-04 -4.205781523916685364e-11 -3.928741871634846770e-10 1.067500378726834093e-07 6.211180830849842849e-01 1.587983319401468171e-10 -1.662912517753199671e-09 3.302387834499318333e-04 3.340458715177193232e-15 -8.739030629416266127e-12 -2.431563459411970897e-04 2.014147697688108835e-02 1.114920631569736110e-04 1.587983319401466878e-10 9.996054231303828885e+01 1.269979586514403614e-09 1.568672752370367952e-14 3.305493735007165867e-02 6.403378172505456729e-08 -6.339710894670865597e-14 -1.115365078175616667e-04 2.014455729701408390e-02 -1.662912517753200084e-09 1.269979586515625567e-09 1.000005325302230688e+02 -5.272964062938430264e-13 -1.049734125923956117e-09 2.016351179723425258e+00 6.580293291886525767e-13 3.105756006160896232e-13 4.396014194339585021e-11 3.302387834499315080e-04 1.568672752370360379e-14 -5.272964062938431274e-13 1.639348144712491351e+00 -2.016636030755707676e-19 -3.109325448840736567e-15 3.829010522653847337e-02 2.546117429339359173e-06 3.673695241373847543e-08 3.340458715177191260e-15 3.305493735007165867e-02 -1.049734125923956117e-09 -2.016636030755694195e-19 1.639344265002253609e+00 1.104465379659568170e-25 -1.342701678271063916e-18 -2.240954098765922292e-06 1.553131632955840539e-04 -8.739030629416269358e-12 6.403378172505459376e-08 2.016351179723425258e+00 -3.109325448840737356e-15 1.117725132096100053e-25 9.999999999338486134e+01 3.452289508721902180e-15 1.630762792646526530e-13 -4.205781523916686010e-11 -2.431563459411970897e-04 -6.339710894670854238e-14 6.580293291886526777e-13 3.829010522653847337e-02 -1.342701678271060065e-18 3.452289508721902574e-15 9.996021402570603698e+01
1.753549029711040020e+09 5.524898584349006159e-01 -3.735853779499586911e-12 5.214783137003984274e-10 1.914531352194595928e-02 -1.159537897404841147e-04 7.369552574365210277e-13 2.671323971796364680e-06 -2.330904265992109899e-06 -1.959558763300240521e-13 -3.735853779509240044e-12 5.524898586960466096e-01 1.128204781048245895e-07 1.159075294277852897e-04 1.914854753355887951e-02 4.808963953029751989e-11 3.821154532034000130e-08 1.629507623810274794e-04 -4.441671088249442656e-11 5.214783137003981172e-10 1.128204781048245630e-07 5.524862520202630245e-01 1.360664927300959161e-10 -1.964895082927140840e-09 3.139097806473166658e-04 1.688813353387043432e-15 -1.190670839114506279e-11 -2.158172588621172993e-04 1.914531352194594541e-02 1.159075294277853033e-04 1.360664927300958127e-10 9.996046081018366181e+01 1.385706288172397150e-09 1.290515743933939182e-15 3.307759515731603650e-02 6.982099116547105677e-08 -5.454173484700060135e-14 -1.159537897404840740e-04 1.914854753355887951e-02 -1.964895082927141667e-09 1.385706288173885248e-09 1.000005058694712119e+02 -6.299149281391624450e-13 -1.144606411835009792e-09 2.017733305844442881e+00 7.774812958772574881e-13 7.369552574365205228e-13 4.808963953029748111e-11 3.139097806473163405e-04 1.290515743933865029e-15 -6.299149281391624450e-13 1.639349201643364617e+00 -1.267213159417121561e-18 -4.322177453704896307e-15 3.967239804641976147e-02 2.671323971796364256e-06 3.821154532034001454e-08 1.688813353387040868e-15 3.307759515731603650e-02 -1.144606411835009792e-09 -1.267213159417121176e-18 1.639344266000648975e+00 2.284631850186064385e-25 -6.992044878137517733e-19 -2.330904265992109899e-06 1.629507623810274794e-04 -1.190670839114506925e-11 6.982099116547108324e-08 2.017733305844442881e+00 -4.322177453704898674e-15 2.298348148385059609e-25 9.999999998841335014e+01 4.702348354522727201e-15 -1.959558763300246074e-13 -4.441671088249443303e-11 -2.158172588621172722e-04 -5.454173484700048775e-14 7.774812958772574881e-13 3.967239804641976147e-02 -6.992044878137474400e-19 4.702348354522727201e-15 9.996021401623342229e+01
1.753549029711053133e+09 5.524903787285374568e-01 -4.944140493614043149e-12 1.307696651250699474e-09 2.045599051704707558e-02 -1.314283644268744494e-04 8.913963401902569389e-13 2.338364206129215611e-06 -2.643136719424365253e-06 -5.103821993082899532e-13 -4.944140493626037268e-12 5.524903790828314953e-01 1.489486236382831876e-07 1.313756572889516821e-04 2.045976752636760251e-02 5.167376730969667755e-11 3.263131748032769599e-08 1.894075009485215945e-04 -5.895297114138226923e-11 1.307696651250699061e-09 1.489486236382831612e-07 5.524862445909822783e-01 1.360664842847727597e-10 -1.964895215498903225e-09 2.525878031777967041e-04 1.271822436728347485e-15 -1.190670822947912450e-11 -2.173674040454401661e-04 2.045599051704706170e-02 1.313756572889516821e-04 1.360664842847726564e-10 9.996029667021193177e+01 1.392313044096583053e-09 9.713351361725161202e-16 2.492647660930028680e-02 6.982099116547105677e-08 -5.454969305068554080e-14 -1.314283644268744223e-04 2.045976752636760598e-02 -1.964895215498904053e-09 1.392313044098071151e-09 1.000005588048282164e+02 -4.743723143017415955e-13 -8.619875441043295165e-10 2.019044608029349597e+00 7.813696145873645376e-13 8.913963401902562321e-13 5.167376730969662585e-11 2.525878031777964872e-04 9.713351361724603082e-16 -4.743723143017414946e-13 1.234571302924562186e+00 -7.186907513626020475e-19 -3.254923766836176859e-15 3.086384729705840199e-02 2.338364206129215187e-06 3.263131748032770261e-08 1.271822436728345907e-15 2.492647660930029027e-02 -8.619875441043294131e-10 -7.186907513626017586e-19 1.234567903903279307e+00 1.720525213078559047e-25 -5.206705577574312875e-19 -2.643136719424365253e-06 1.894075009485215945e-04 -1.190670822947913096e-11 6.982099116547108324e-08 2.019044608029349597e+00 -3.254923766836178831e-15 1.730854770974185004e-25 9.999999998941335377e+01 4.729027778881824235e-15 -5.103821993082906600e-13 -5.895297114138226923e-11 -2.173674040454401390e-04 -5.454969305068542720e-14 7.813696145873646386e-13 3.086384729705839852e-02 -5.206705577574280134e-19 4.729027778881824235e-15 9.995996103752072770e+01
1.753549029711065769e+09 4.975162691432297724e-01 -5.067215022090240983e-12 1.670380119068698744e-09 1.955790627097628298e-02 -1.317788654637374983e-04 1.022780641988273496e-12 2.389304077963628310e-06 -2.651251368745271375e-06 -6.536139493582033027e-13 -5.067215022100974136e-12 4.975162695131338242e-01 1.493839325322545145e-07 1.317259634580647293e-04 1.956176797392340100e-02 5.304011136463579109e-11 3.273149833871534362e-08 1.935336305565705725e-04 -5.910092557708522231e-11 1.670380119068698950e-09 1.493839325322545145e-07 4.975124899728630701e-01 1.109013061566351832e-10 -2.418357114267820648e-09 2.415002219105371348e-04 -8.271064387491221891e-16 -1.714205892576795677e-11 -1.953876091866179980e-04 1.955790627097627257e-02 1.317259634580647022e-04 1.109013061566350927e-10 9.996021234179735870e+01 1.510001312703805889e-09 -1.159588672413300456e-14 2.494206645772338582e-02 7.567543138157520984e-08 -4.466430750490930847e-14 -1.317788654637375254e-04 1.956176797392339753e-02 -2.418357114267821476e-09 1.510001312705616588e-09 1.000005248547184777e+02 -6.098693462597581984e-13 -9.342645837899254345e-10 2.020307385582732707e+00 9.613408218664020382e-13 1.022780641988272486e-12 5.304011136463573939e-11 2.415002219105369179e-04 -1.159588672413305820e-14 -6.098693462597578955e-13 1.234572086934671686e+00 -1.708462085868755864e-18 -4.959030049821729694e-15 3.212697030659009134e-02 2.389304077963629157e-06 3.273149833871534362e-08 -8.271064387491237668e-16 2.494206645772338929e-02 -9.342645837899254345e-10 -1.708462085868756635e-18 1.234567904902011293e+00 5.467862027523088490e-25 3.055214940135691032e-19 -2.651251368745271375e-06 1.935336305565705725e-04 -1.714205892576796323e-11 7.567543138157523631e-08 2.020307385582732707e+00 -4.959030049821733638e-15 5.481535014546259036e-25 9.999999998209300145e+01 6.803737601891813122e-15 -6.536139493582039085e-13 -5.910092557708520938e-11 -1.953876091866179709e-04 -4.466430750490919488e-14 9.613408218664022402e-13 3.212697030659008440e-02 3.055214940135729551e-19 6.803737601891814700e-15 9.995996103004179645e+01
1.753549029711079121e+09 4.524923046155212014e-01 -5.248738483038848999e-12 1.729215988267667153e-09 1.900172076798029019e-02 -1.316760762195609677e-04 1.026448561413218478e-12 2.475936774959641820e-06 -2.650175160005056519e-06 -6.770854106039474174e-13 -5.248738483049456137e-12 4.524923050127464541e-01 1.555476624383515963e-07 1.316231607789758635e-04 1.900572513359498339e-02 5.728076802561656112e-11 3.271821181395371661e-08 2.005508790043089519e-04 -6.149571270649479381e-11 1.729215988267667567e-09 1.555476624383515963e-07 4.524887372744550995e-01 8.913729896936943738e-11 -2.849542891993310389e-09 2.346342411381748070e-04 -2.812872005008868300e-15 -2.244958347099866579e-11 -1.773153475685719245e-04 1.900172076798027979e-02 1.316231607789758364e-04 8.913729896936938568e-11 9.996013360671024373e+01 1.616203515351442062e-09 -2.274767387306015712e-14 2.495853937093513164e-02 8.094441593140177978e-08 -3.612227813091962886e-14 -1.316760762195610219e-04 1.900572513359497992e-02 -2.849542891993310389e-09 1.616203515353702746e-09 1.000004993857687623e+02 -7.357385902590951086e-13 -9.993137757692135523e-10 2.021641691372049632e+00 1.132572376018958123e-12 1.026448561413217468e-12 5.728076802561650296e-11 2.346342411381746444e-04 -2.274767387306020445e-14 -7.357385902590947047e-13 1.234572951530058749e+00 -2.640626051001385605e-18 -6.680073017519179917e-15 3.346158892043239741e-02 2.475936774959642244e-06 3.271821181395371661e-08 -2.812872005008869878e-15 2.495853937093513511e-02 -9.993137757692137591e-10 -2.640626051001387531e-18 1.234567905900663121e+00 1.280386141872922248e-24 1.087282487991490583e-18 -2.650175160005056096e-06 2.005508790043089790e-04 -2.244958347099867225e-11 8.094441593140181949e-08 2.021641691372049632e+00 -6.680073017519186228e-15 1.281074054300677834e-24 9.999999997424691855e+01 8.907472207166295625e-15 -6.770854106039478212e-13 -6.149571270649476796e-11 -1.773153475685719516e-04 -3.612227813091951527e-14 1.132572376018958325e-12 3.346158892043239047e-02 1.087282487991494435e-18 8.907472207166295625e-15 9.995996102412796347e+01
1.753549029711091518e+09 4.149412107435431207e-01 -5.294220225555632082e-12 1.978572904361375351e-09 1.856120998190508714e-02 -1.287158279764718388e-04 1.138913198237232949e-12 2.554207237453760562e-06 -2.591310028040635165e-06 -7.750088670986507340e-13 -5.294220225565543709e-12 4.149412111662940106e-01 1.623293573304027723e-07 1.286640561922959200e-04 1.856534346698908086e-02 6.223968138654776850e-11 3.199148179351220718e-08 2.068907864543954693e-04 -6.412174455101071896e-11 1.978572904361375351e-09 1.623293573304027723e-07 4.149378068470148118e-01 6.917514312284637127e-11 -3.270298156555276898e-09 2.291962499987942143e-04 -4.814271913531556410e-15 -2.791018765725045829e-11 -1.622199576302351602e-04 1.856120998190508020e-02 1.286640561922958387e-04 6.917514312284633249e-11 9.996005908376075411e+01 1.710784770721847135e-09 -3.319119549783507326e-14 2.497383491425791274e-02 8.562885789252787043e-08 -2.829356335291933674e-14 -1.287158279764718659e-04 1.856534346698907392e-02 -3.270298156555276898e-09 1.710784770724394230e-09 1.000004743533484657e+02 -8.570861854872696979e-13 -1.057146392603586610e-09 2.022880630189645146e+00 1.299735278035623169e-12 1.138913198237232343e-12 6.223968138654770388e-11 2.291962499987941059e-04 -3.319119549783512375e-14 -8.570861854872692940e-13 1.234573786135301221e+00 -3.580396102738066762e-18 -8.458676833998527077e-15 3.470087724688843134e-02 2.554207237453760562e-06 3.199148179351220718e-08 -4.814271913531557988e-15 2.497383491425791621e-02 -1.057146392603586817e-09 -3.580396102738069073e-18 1.234567906899240120e+00 2.686603210804306025e-24 1.875156085578655626e-18 -2.591310028040635165e-06 2.068907864543954964e-04 -2.791018765725046476e-11 8.562885789252792337e-08 2.022880630189645146e+00 -8.458676833998533388e-15 2.686829607180094134e-24 9.999999996590996432e+01 1.107203409540536035e-14 -7.750088670986511379e-13 -6.412174455101069311e-11 -1.622199576302352144e-04 -2.829356335291921683e-14 1.299735278035623169e-12 3.470087724688842440e-02 1.875156085578659863e-18 1.107203409540535719e-14 9.995996101938861500e+01
1.753549029711104870e+09 3.831451438148739674e-01 -5.355027237149678180e-12 2.961655970361453448e-09 1.837120949420869773e-02 -1.247030198348073147e-04 1.668625094808113571e-12 2.666363091813744179e-06 -2.511088022750985704e-06 -1.159505837261229746e-12 -5.355027237158142241e-12 3.831451442755865466e-01 1.747378972955342253e-07 1.246528177366494161e-04 1.837552732776613976e-02 7.061829019753189914e-11 3.100108667064504119e-08 2.159754106454047837e-04 -6.893855060658751783e-11 2.961655970361453448e-09 1.747378972955342253e-07 3.831418092190600477e-01 4.737162080712324535e-11 -3.715094598858800593e-09 2.268515697746884767e-04 -7.329125113410343640e-15 -3.394406370583801900e-11 -1.493615037563363773e-04 1.837120949420869426e-02 1.246528177366493348e-04 4.737162080712321950e-11 9.995998664648544718e+01 1.795096809770399882e-09 -4.487645861558563275e-14 2.499030756339783166e-02 8.978965159860655151e-08 -1.975197500888615409e-14 -1.247030198348073689e-04 1.837552732776613282e-02 -3.715094598858801421e-09 1.795096809773125856e-09 1.000004552491768237e+02 -9.897170049922747422e-13 -1.108514216191099747e-09 2.024214914561381917e+00 1.476394841765959340e-12 1.668625094808113167e-12 7.061829019753183452e-11 2.268515697746884224e-04 -4.487645861558568324e-14 -9.897170049922741363e-13 1.234574720421188987e+00 -4.799808890742707530e-18 -1.049483487602227468e-14 3.603549405074272377e-02 2.666363091813744603e-06 3.100108667064503458e-08 -7.329125113410346796e-15 2.499030756339783513e-02 -1.108514216191099954e-09 -4.799808890742712152e-18 1.234567907897700101e+00 5.293385499970836547e-24 2.863895864543497441e-18 -2.511088022750985704e-06 2.159754106454047837e-04 -3.394406370583803192e-11 8.978965159860661768e-08 2.024214914561381917e+00 -1.049483487602228573e-14 5.293461571225351519e-24 9.999999995680532550e+01 1.346259149885726303e-14 -1.159505837261230150e-12 -6.893855060658750490e-11 -1.493615037563364315e-04 -1.975197500888603103e-14 1.476394841765959542e-12 3.603549405074271683e-02 2.863895864543500522e-18 1.346259149885725672e-14 9.995996101555657276e+01
1.753549029711117268e+09 3.558752103913236375e-01 -5.357696222477712573e-12 3.335182280521601770e-09 1.821470381948627273e-02 -1.203278363187750851e-04 1.885600929748360929e-12 2.764354641670902453e-06 -2.423460160703247908e-06 -1.305064366834280794e-12 -5.357696222484847814e-12 3.558752108865426700e-01 1.863515494236634655e-07 1.202793564600762100e-04 1.821918307761187517e-02 7.926063269784823145e-11 2.991926121751621318e-08 2.239127261672911411e-04 -7.342423704196523774e-11 3.335182280521602598e-09 1.863515494236634655e-07 3.558719323467632867e-01 2.609270300890146525e-11 -4.181657433986991672e-09 2.249204093754372032e-04 -9.993252172481478759e-15 -4.051116496828776099e-11 -1.383158285796706613e-04 1.821470381948627620e-02 1.202793564600761016e-04 2.609270300890143940e-11 9.995991582438885814e+01 1.870329522389670221e-09 -5.645597155558505427e-14 2.500560260473140908e-02 9.349552325805345357e-08 -1.142130531506997932e-14 -1.203278363187751528e-04 1.821918307761186823e-02 -4.181657433986991672e-09 1.870329522392493802e-09 1.000004339789560959e+02 -1.133474103582407919e-12 -1.154265718238216909e-09 2.025453812686184740e+00 1.661637638280033767e-12 1.885600929748359717e-12 7.926063269784816682e-11 2.249204093754371490e-04 -5.645597155558510476e-14 -1.133474103582406909e-12 1.234575619411597991e+00 -6.103086626014555321e-18 -1.278822884893531402e-14 3.727478096689934572e-02 2.764354641670902453e-06 2.991926121751620657e-08 -9.993252172481481914e-15 2.500560260473141255e-02 -1.154265718238217116e-09 -6.103086626014561484e-18 1.234567908896054611e+00 9.295993171569731980e-24 3.910999124844021315e-18 -2.423460160703247908e-06 2.239127261672911411e-04 -4.051116496828777392e-11 9.349552325805351974e-08 2.025453812686184740e+00 -1.278822884893532980e-14 9.295081295174864025e-24 9.999999994700829120e+01 1.606300050194953642e-14 -1.305064366834281399e-12 -7.342423704196522482e-11 -1.383158285796707155e-04 -1.142130531506985152e-14 1.661637638280034171e-12 3.727478096689933879e-02 3.910999124844024396e-18 1.606300050194953326e-14 9.995996101243711962e+01
1.753549029711129904e+09 3.558756876893540144e-01 -6.354088505806588970e-12 4.043509082353266665e-09 1.947778183975478958e-02 -1.277202339443521211e-04 1.871226602772345453e-12 2.470359367409130658e-06 -2.573187270972039735e-06 -1.594790591652295061e-12 -6.354088505812999619e-12 3.558756883058068476e-01 2.296014662741847920e-07 1.276685992891605039e-04 1.948278856015999219e-02 8.548663690934587508e-11 2.547710163551180972e-08 2.495062966684147483e-04 -9.089296657490798891e-11 4.043509082353268319e-09 2.296014662741847656e-07 3.558719299493641186e-01 2.609274445315105073e-11 -4.181657916489713953e-09 1.928912012404832010e-04 -8.014390218041096275e-15 -4.051116463654265302e-11 -1.393315416769527477e-04 1.947778183975479305e-02 1.276685992891603684e-04 2.609274445315102488e-11 9.995981603989757502e+01 1.876128780299683562e-09 -4.527660439422733337e-14 2.006650917469970236e-02 9.349552325805345357e-08 -1.107234797006791670e-14 -1.277202339443521753e-04 1.948278856015998525e-02 -4.181657916489713126e-09 1.876128780302507143e-09 1.000004851839403415e+02 -9.090058115109787411e-13 -9.256982479941109809e-10 2.026717431154753335e+00 1.668644075085343972e-12 1.871226602772344241e-12 8.548663690934579753e-11 1.928912012404831468e-04 -4.527660439422735861e-14 -9.090058115109779333e-13 9.901045908016309349e-01 -3.925298629803915931e-18 -1.025572924888770853e-14 3.090658444203411154e-02 2.470359367409130658e-06 2.547710163551180310e-08 -8.014390218041097852e-15 2.006650917469970929e-02 -9.256982479941111877e-10 -3.925298629803920553e-18 9.900990154718178893e-01 7.455202424129581063e-24 3.166798396347330094e-18 -2.573187270972039735e-06 2.495062966684147483e-04 -4.051116463654266594e-11 9.349552325805351974e-08 2.026717431154753335e+00 -1.025572924888772115e-14 7.454471117318870480e-24 9.999999994800829484e+01 1.614204734225322198e-14 -1.594790591652295667e-12 -9.089296657490797599e-11 -1.393315416769528019e-04 -1.107234797006778891e-14 1.668644075085344376e-12 3.090658444203410807e-02 3.166798396347333175e-18 1.614204734225321883e-14 9.995972279850521147e+01
1.753549029711142063e+09 3.322296533579314759e-01 -6.425261937627122005e-12 4.118446405677446851e-09 1.931822780847811810e-02 -1.258738403597286690e-04 1.923200322724596085e-12 2.533993283377612468e-06 -2.536783096847755138e-06 -1.623664329016960552e-12 -6.425261937631988153e-12 3.322296540065691195e-01 2.363089868458066329e-07 1.258229057106564734e-04 1.932336657533523586e-02 9.114109502374795493e-11 2.511666427227071851e-08 2.559333221596362794e-04 -9.347048415977688523e-11 4.118446405677447679e-09 2.363089868458066329e-07 3.322259569060567186e-01 9.443649538156903170e-13 -4.881954585892513957e-09 1.913120215541681867e-04 -1.098920215239401691e-14 -5.077394954656204017e-11 -1.297227971856035290e-04 1.931822780847812157e-02 1.258229057106563379e-04 9.443649538156741612e-13 9.995973657442540627e+01 1.949535721181001155e-09 -5.669131658796751624e-14 2.007853764475541619e-02 9.709550317517052468e-08 -1.156058607051926955e-15 -1.258738403597287232e-04 1.932336657533523239e-02 -4.881954585892512303e-09 1.949535721183384262e-09 1.000004544896952012e+02 -1.126234130053572202e-12 -9.613416135632798884e-10 2.027932306341118540e+00 1.947052922878173021e-12 1.923200322724594873e-12 9.114109502374787738e-11 1.913120215541680783e-04 -5.669131658796754149e-14 -1.126234130053571193e-12 9.901053503473932205e-01 -5.153076731290902665e-18 -1.370168918080112902e-14 3.212203476774202343e-02 2.533993283377612468e-06 2.511666427227070528e-08 -1.098920215239401691e-14 2.007853764475542313e-02 -9.613416135632800952e-10 -5.153076731290908828e-18 9.900990164704420726e-01 1.316771733365189906e-23 4.343260003693715725e-18 -2.536783096847755138e-06 2.559333221596362252e-04 -5.077394954656204017e-11 9.709550317517057762e-08 2.027932306341118540e+00 -1.370168918080114479e-14 1.316640159415404837e-23 9.999999993497412731e+01 2.021509672617346181e-14 -1.623664329016960956e-12 -9.347048415977688523e-11 -1.297227971856035832e-04 -1.156058607051796004e-15 1.947052922878173425e-12 3.212203476774201649e-02 4.343260003693718806e-18 2.021509672617346181e-14 9.995972279590006337e+01
1.753549029711154461e+09 3.115302035618920384e-01 -6.378055259949646751e-12 3.698299449463928822e-09 1.927664388830742370e-02 -1.213123882259478696e-04 1.700099096783291176e-12 2.609528497342927319e-06 -2.445265638750099963e-06 -1.458936941231593992e-12 -6.378055259953100876e-12 3.115302042498025448e-01 2.472405670338177651e-07 1.212632611399286180e-04 1.928193906786834430e-02 9.962772394501875285e-11 2.421055083123445238e-08 2.635623787469680958e-04 -9.768381639852013351e-11 3.698299449463930476e-09 2.472405670338178709e-07 3.115265229939123137e-01 -2.071469901410730726e-11 -5.594496672674816226e-09 1.909010553940454643e-04 -1.363964488629309844e-14 -6.150716553934289235e-11 -1.212669498757595242e-04 1.927664388830743064e-02 1.212632611399284824e-04 -2.071469901410731372e-11 9.995965781437658393e+01 2.015758331960010129e-09 -6.629413042419632215e-14 2.009080193108782678e-02 1.003323975204422409e-07 7.391773171464726978e-15 -1.213123882259479238e-04 1.928193906786833736e-02 -5.594496672674812918e-09 2.015758331962074771e-09 1.000004254871167007e+02 -1.349504004136823485e-12 -9.933900725051081315e-10 2.029170998953963245e+00 2.230348802448302947e-12 1.700099096783289560e-12 9.962772394501870115e-11 1.909010553940454101e-04 -6.629413042419634739e-14 -1.349504004136822475e-12 9.901061554216732397e-01 -6.194163762789275806e-18 -1.736256530329142755e-14 3.336131696935284996e-02 2.609528497342927319e-06 2.421055083123443914e-08 -1.363964488629309528e-14 2.009080193108783371e-02 -9.933900725051083383e-10 -6.194163762789281969e-18 9.900990174689895396e-01 2.087176706811000282e-23 5.393180429742918620e-18 -2.445265638750099963e-06 2.635623787469680416e-04 -6.150716553934286650e-11 1.003323975204422806e-07 2.029170998953963245e+00 -1.736256530329144649e-14 2.086995381334755620e-23 9.999999992115670011e+01 2.447419217983982792e-14 -1.458936941231594598e-12 -9.768381639852015936e-11 -1.212669498757595784e-04 7.391773171464859507e-15 2.230348802448303351e-12 3.336131696935284302e-02 5.393180429742922472e-18 2.447419217983983108e-14 9.995972279376350400e+01
1.753549029711166859e+09 3.115306979083848349e-01 -7.345912252496396994e-12 3.719968393763898839e-09 2.051589634122081077e-02 -1.272988432813050282e-04 1.430157007918214405e-12 2.386109685515975406e-06 -2.566738642655915756e-06 -1.477268825326267573e-12 -7.345912252499292126e-12 3.115306987352960966e-01 2.940853303150983825e-07 1.272471589357484427e-04 2.052171008062356888e-02 1.071203107512337730e-10 2.121271598309597347e-08 2.887192729242541583e-04 -1.166602157816995493e-10 3.719968393763900907e-09 2.940853303150984884e-07 3.115265219882362713e-01 -2.071465198118039619e-11 -5.594497406185064426e-09 1.695918467389572663e-04 -1.138515800067641052e-14 -6.150716516570031733e-11 -1.220269398056005294e-04 2.051589634122081424e-02 1.272471589357483072e-04 -2.071465198118039942e-11 9.995959084674228734e+01 2.020323781344887516e-09 -5.533625533141934186e-14 1.678025428724343876e-02 1.003323975204422409e-07 7.774688601962835401e-15 -1.272988432813050824e-04 2.052171008062356541e-02 -5.594497406185060290e-09 2.020323781346952159e-09 1.000004758178620676e+02 -1.126421087530755511e-12 -8.291933651198715041e-10 2.030410775564313930e+00 2.238144073670710580e-12 1.430157007918213194e-12 1.071203107512337342e-10 1.695918467389572121e-04 -5.533625533141936711e-14 -1.126421087530754703e-12 8.264518473236353024e-01 -4.315681859729153049e-18 -1.449244719742614996e-14 2.888144922877736859e-02 2.386109685515974982e-06 2.121271598309596023e-08 -1.138515800067640737e-14 1.678025428724344223e-02 -8.291933651198716075e-10 -4.315681859729156130e-18 8.264462869614207507e-01 1.742188817397136904e-23 4.531610672901810694e-18 -2.566738642655915756e-06 2.887192729242541041e-04 -6.150716516570029148e-11 1.003323975204422806e-07 2.030410775564313930e+00 -1.449244719742616574e-14 1.742037463074207012e-23 9.999999992215670375e+01 2.457448163682495537e-14 -1.477268825326268178e-12 -1.166602157816995752e-10 -1.220269398056005836e-04 7.774688601962969507e-15 2.238144073670710984e-12 2.888144922877736165e-02 4.531610672901813776e-18 2.457448163682495852e-14 9.995952293170238079e+01
1.753549029711179972e+09 2.932593627434506023e-01 -7.466000668979863795e-12 3.318392528578371060e-09 2.054647929965718045e-02 -1.257931834560576030e-04 1.239228052440217185e-12 2.453291561924205343e-06 -2.537217921510600917e-06 -1.319039474846417745e-12 -7.466000668981146571e-12 2.932593636176086815e-01 3.041560753165176253e-07 1.257420606030470794e-04 2.055246058381777000e-02 1.150491028912720832e-10 2.096874308582062200e-08 2.968482799412466714e-04 -1.205420973611632826e-10 3.318392528578372714e-09 3.041560753165177312e-07 2.932551743463633342e-01 -4.211122321805779766e-11 -6.594414794658314165e-09 1.698452711841278448e-04 -1.380207959126621613e-14 -7.708066314763731070e-11 -1.145134229295164877e-04 2.054647929965718045e-02 1.257420606030468897e-04 -4.211122321805778474e-11 9.995950159242840982e+01 2.085004875155880573e-09 -6.311570957631902937e-14 1.679108078547359578e-02 1.034777973290291543e-07 1.627863113548961027e-14 -1.257931834560576843e-04 2.055246058381776653e-02 -6.594414794658309202e-09 2.085004875157628819e-09 1.000004393379323488e+02 -1.438692577046154508e-12 -8.551884049304008673e-10 2.031720781462405867e+00 2.636339414300521492e-12 1.239228052440216378e-12 1.150491028912719798e-10 1.698452711841278448e-04 -6.311570957631904200e-14 -1.438692577046152893e-12 8.264526168290062813e-01 -5.087350442940938726e-18 -1.965812057314800065e-14 3.019222476942980127e-02 2.453291561924205343e-06 2.096874308582060546e-08 -1.380207959126621297e-14 1.679108078547359925e-02 -8.551884049304009707e-10 -5.087350442940941037e-18 8.264462879601418566e-01 2.751363125163180719e-23 5.495402645599050769e-18 -2.537217921510600917e-06 2.968482799412466714e-04 -7.708066314763727192e-11 1.034777973290291808e-07 2.031720781462405867e+00 -1.965812057314802273e-14 2.751158705654302782e-23 9.999999990443349418e+01 3.076753159473766090e-14 -1.319039474846418149e-12 -1.205420973611633343e-10 -1.145134229295165419e-04 1.627863113548974911e-14 2.636339414300521492e-12 3.019222476942979433e-02 5.495402645599054621e-18 3.076753159473766090e-14 9.995952292991631793e+01
1.753549029711192369e+09 2.770125544082355229e-01 -7.470570223125802474e-12 3.025177911569203484e-09 2.057876163865559466e-02 -1.228010836469056375e-04 1.101014403843081415e-12 2.514010562385536334e-06 -2.477452241676956642e-06 -1.203480919930791603e-12 -7.470570223126080355e-12 2.770125553262329232e-01 3.149132186474994396e-07 1.227511346180853058e-04 2.058489469585495293e-02 1.240181221576924617e-10 2.047481185310902793e-08 3.041952789605668287e-04 -1.246680643398615153e-10 3.025177911569204725e-09 3.149132186474995455e-07 2.770083528282094587e-01 -6.114398456790114119e-11 -7.601528316910189941e-09 1.701127342703021266e-04 -1.601289364335201109e-14 -9.309141647406788656e-11 -1.078156095954299447e-04 2.057876163865559466e-02 1.227511346180851161e-04 -6.114398456790114119e-11 9.995941234197118774e+01 2.144513528327146200e-09 -6.970331004476633488e-14 1.680131591880530684e-02 1.063663469333950225e-07 2.385446906963708833e-14 -1.228010836469057459e-04 2.058489469585495293e-02 -7.601528316910181669e-09 2.144513528328368359e-09 1.000004000105170121e+02 -1.754799213132812257e-12 -8.790607158039700720e-10 2.032959232188859655e+00 3.037471576029834290e-12 1.101014403843080607e-12 1.240181221576923325e-10 1.701127342703020995e-04 -6.970331004476634750e-14 -1.754799213132810036e-12 8.264533756984061563e-01 -5.741397989479062587e-18 -2.502236426118399564e-14 3.143150343881318670e-02 2.514010562385536758e-06 2.047481185310901470e-08 -1.601289364335200478e-14 1.680131591880531031e-02 -8.790607158039700720e-10 -5.741397989479064128e-18 8.264462889588035654e-01 3.979422222675179744e-23 6.378844041583783800e-18 -2.477452241676956642e-06 3.041952789605668829e-04 -9.309141647406784779e-11 1.063663469333950489e-07 2.032959232188859655e+00 -2.502236426118402719e-14 3.979118500621059870e-23 9.999999988583977029e+01 3.713434479937831664e-14 -1.203480919930791603e-12 -1.246680643398615929e-10 -1.078156095954299853e-04 2.385446906963723348e-14 3.037471576029834290e-12 3.143150343881317976e-02 6.378844041583789963e-18 3.713434479937831664e-14 9.995952292845512943e+01
1.753549029711205482e+09 2.770131122999996975e-01 -8.310367106315766519e-12 3.410340526990884969e-09 2.188952108636185723e-02 -1.254411546252546378e-04 1.147805452090229400e-12 2.346478455809703556e-06 -2.531121524725449354e-06 -1.360908077140298537e-12 -8.310367106315042736e-12 2.770131133873047213e-01 3.690844361198297161e-07 1.253900302913763855e-04 2.189620380716825881e-02 1.349733148994919279e-10 1.795121640581529401e-08 3.308534637691138086e-04 -1.466361430700392179e-10 3.410340526990886210e-09 3.690844361198298219e-07 2.770083528120924066e-01 -6.114393732213032845e-11 -7.601529506134195810e-09 1.552819436004630716e-04 -1.374156110211720149e-14 -9.309141602509754037e-11 -1.084203044192731777e-04 2.188952108636185723e-02 1.253900302913762228e-04 -6.114393732213032845e-11 9.995936427244383538e+01 2.148433306414941172e-09 -5.981595163960613213e-14 1.442745053363362479e-02 1.063663469333950225e-07 2.424615281295717531e-14 -1.254411546252547191e-04 2.189620380716825881e-02 -7.601529506134185884e-09 2.148433306416163331e-09 1.000004533451898254e+02 -1.505855572785240750e-12 -7.543712514083654006e-10 2.034270534372421224e+00 3.047333090382158845e-12 1.147805452090228794e-12 1.349733148994917986e-10 1.552819436004630716e-04 -5.981595163960613213e-14 -1.505855572785238932e-12 7.092257033681678147e-01 -4.228080512245740655e-18 -2.147264560966036457e-14 2.809794226547965637e-02 2.346478455809703979e-06 1.795121640581528409e-08 -1.374156110211719833e-14 1.442745053363362825e-02 -7.543712514083654006e-10 -4.228080512245742196e-18 7.092198647596621441e-01 3.414965162441832882e-23 5.501730854726342446e-18 -2.531121524725449354e-06 3.308534637691138629e-04 -9.309141602509750160e-11 1.063663469333950489e-07 2.034270534372421224e+00 -2.147264560966039612e-14 3.414704521530542270e-23 9.999999988683977392e+01 3.727495745222769647e-14 -1.360908077140298537e-12 -1.466361430700392955e-10 -1.084203044192732184e-04 2.424615281295732046e-14 3.047333090382158845e-12 2.809794226547965637e-02 5.501730854726347069e-18 3.727495745222769647e-14 9.995933893134547077e+01
1.753549029711229324e+09 2.624724917113829825e-01 -8.883479310211277715e-12 3.691969506554358592e-09 2.299854832215588937e-02 -1.234049336789872604e-04 1.333257775062866377e-12 2.549220899459429597e-06 -2.490781412370284960e-06 -1.470260880106166471e-12 -8.883479310209423021e-12 2.624724929947995777e-01 4.189832455017053727e-07 1.233545652713975596e-04 2.300581695184499356e-02 1.652997265270106985e-10 1.766511632429839281e-08 3.594401483538305097e-04 -1.661082247394360505e-10 3.691969506554359006e-09 4.189832455017055315e-07 2.624672377197067030e-01 -8.676650288067827133e-11 -9.237021528687646534e-09 1.631498580986435120e-04 -1.656912397134178673e-14 -1.199913930409147702e-10 -1.020942074451486667e-04 2.299854832215588937e-02 1.233545652713973970e-04 -8.676650288067825840e-11 9.995925331106370493e+01 2.206208348241207911e-09 -6.859664399043935056e-14 1.444434727710453177e-02 1.090989481503561035e-07 3.446019930543329947e-14 -1.234049336789873417e-04 2.300581695184499009e-02 -9.237021528687636608e-09 2.206208348242110779e-09 1.000004386832879817e+02 -2.060419784440575264e-12 -7.737514020034946945e-10 2.036652974625410728e+00 3.698716190466828706e-12 1.333257775062866175e-12 1.652997265270105434e-10 1.631498580986435120e-04 -6.859664399043935056e-14 -2.060419784440572437e-12 7.092270953842574333e-01 -5.113340064602547511e-18 -3.097491325674255515e-14 3.048116213696634713e-02 2.549220899459430444e-06 1.766511632429837958e-08 -1.656912397134178357e-14 1.444434727710453524e-02 -7.737514020034946945e-10 -5.113340064602549822e-18 7.092198657582903243e-01 5.583608952888930337e-23 6.631656406034494673e-18 -2.490781412370284960e-06 3.594401483538306181e-04 -1.199913930409147444e-10 1.090989481503561299e-07 2.036652974625410728e+00 -3.097491325674260564e-14 5.583215006990700630e-23 9.999999986056744206e+01 4.797613460594571052e-14 -1.470260880106166471e-12 -1.661082247394361280e-10 -1.020942074451486938e-04 3.446019930543345093e-14 3.698716190466828706e-12 3.048116213696634713e-02 6.631656406034498525e-18 4.797613460594572315e-14 9.995933893014533567e+01
1.753549029711245060e+09 2.493820198481040973e-01 -8.902798349822535274e-12 3.615615882328045468e-09 2.334593157227536284e-02 -1.194960455850596485e-04 1.325668008081540046e-12 2.638029083906450324e-06 -2.412292977782676240e-06 -1.439203841068159653e-12 -8.902798349820199135e-12 2.493820212225685284e-01 4.400660818964717928e-07 1.194472267541429926e-04 2.335345922678773445e-02 1.821651805603961362e-10 1.710846076718458180e-08 3.719621023047855069e-04 -1.741949717903744117e-10 3.615615882328046295e-09 4.400660818964718457e-07 2.493766059328626217e-01 -1.112720023908666075e-10 -1.093954423783112283e-08 1.656147045913560617e-04 -1.933530903860028780e-14 -1.484610770846146233e-10 -9.654650809109661458e-05 2.334593157227536284e-02 1.194472267541428164e-04 -1.112720023908665688e-10 9.995913903505541498e+01 2.258551344821821074e-09 -7.681713449778467929e-14 1.445549433134077182e-02 1.116012300148886771e-07 4.423734264955987223e-14 -1.194960455850597704e-04 2.335345922678772751e-02 -1.093954423783111291e-08 2.258551344822560987e-09 1.000003879993026459e+02 -2.649873177547564131e-12 -7.914980820453055334e-10 2.038224708664228668e+00 4.376641531682425724e-12 1.325668008081540046e-12 1.821651805603959811e-10 1.656147045913560888e-04 -7.681713449778467929e-14 -2.649873177547560092e-12 7.092280746419242776e-01 -5.956597860809424254e-18 -4.126211822066889051e-14 3.205408829741299842e-02 2.638029083906451171e-06 1.710846076718456857e-08 -1.933530903860028464e-14 1.445549433134077529e-02 -7.914980820453055334e-10 -5.956597860809427336e-18 7.092198667568253567e-01 8.297550227923913173e-23 7.738241953800951649e-18 -2.412292977782676240e-06 3.719621023047856153e-04 -1.484610770846145974e-10 1.116012300148887035e-07 2.038224708664228668e+00 -4.126211822066895993e-14 8.297003822051065816e-23 9.999999983244246948e+01 5.929750626901088804e-14 -1.439203841068160057e-12 -1.741949717903745151e-10 -9.654650809109662814e-05 4.423734264956002369e-14 4.376641531682426532e-12 3.205408829741299842e-02 7.738241953800954731e-18 5.929750626901091329e-14 9.995933892918323238e+01
1.753549029711258173e+09 2.493826503090086910e-01 -9.653947834559316417e-12 3.766564219499648838e-09 2.465669019133131384e-02 -1.207801366848536539e-04 1.248763480844510462e-12 2.476331505494951579e-06 -2.438463423761465270e-06 -1.505976664117338534e-12 -9.653947834556369586e-12 2.493826518896142264e-01 5.006858748917886135e-07 1.207307126896453814e-04 2.466477109902074846e-02 1.947908889056138547e-10 1.514573546551834965e-08 3.986893746332605343e-04 -1.989638446662247583e-10 3.766564219499648838e-09 5.006858748917886135e-07 2.493766060394092821e-01 -1.112719523106375039e-10 -1.093954613816994158e-08 1.531849303683293631e-04 -1.693340717478542637e-14 -1.484610763615625823e-10 -9.714838079908634072e-05 2.465669019133131384e-02 1.207307126896452052e-04 -1.112719523106374780e-10 9.995910276750046819e+01 2.262009722999353719e-09 -6.727400520661175095e-14 1.266792546267245072e-02 1.116012300148886771e-07 4.468624066218606139e-14 -1.207801366848537759e-04 2.466477109902074152e-02 -1.093954613816993000e-08 2.262009723000093632e-09 1.000004414720680757e+02 -2.320642908600531006e-12 -6.931753377684228400e-10 2.039536010847089909e+00 4.392127893146598786e-12 1.248763480844510462e-12 1.947908889056136996e-10 1.531849303683293902e-04 -6.727400520661173833e-14 -2.320642908600527775e-12 6.211249730438094252e-01 -4.568531934384429393e-18 -3.613565083123118471e-14 2.922010807562125390e-02 2.476331505494952426e-06 1.514573546551833642e-08 -1.693340717478542637e-14 1.266792546267245245e-02 -6.931753377684228400e-10 -4.568531934384432474e-18 6.211180197860207697e-01 7.266798630825209540e-23 6.807455333212775410e-18 -2.438463423761465270e-06 3.986893746332606427e-04 -1.484610763615625564e-10 1.116012300148887035e-07 2.039536010847089909e+00 -3.613565083123124151e-14 7.266320101459110963e-23 9.999999983344247312e+01 5.953863843564535226e-14 -1.505976664117339140e-12 -1.989638446662248617e-10 -9.714838079908635427e-05 4.468624066218621286e-14 4.392127893146598786e-12 2.922010807562125390e-02 6.807455333212778492e-18 5.953863843564537751e-14 9.995914394523603619e+01
1.753549029711270571e+09 2.375357873888596649e-01 -9.408343325633477144e-12 3.546693280573760611e-09 2.466571579463664593e-02 -1.161987125216738115e-04 1.158814866577586796e-12 2.508280751976426477e-06 -2.346204112284812889e-06 -1.418743200674623850e-12 -9.408343325630381679e-12 2.375357890105670999e-01 5.062110276868110514e-07 1.161511296576037383e-04 2.467390592807857178e-02 2.027599690454646457e-10 1.457269627200638497e-08 4.038332032065254261e-04 -2.009669726276154722e-10 3.546693280573761851e-09 5.062110276868110514e-07 2.375297386871932093e-01 -1.367007945691376751e-10 -1.304240244606769785e-08 1.532413317845215202e-04 -1.954589026617632742e-14 -1.843307148465473504e-10 -9.218820053009294348e-05 2.466571579463664246e-02 1.161511296576035621e-04 -1.367007945691376234e-10 9.995897533139708457e+01 2.310077448362698096e-09 -7.480997020497428966e-14 1.267561294738788445e-02 1.139036349460989772e-07 5.488394947980897974e-14 -1.161987125216739199e-04 2.467390592807856484e-02 -1.304240244606768461e-08 2.310077448363281672e-09 1.000003642236596306e+02 -3.035763918469571658e-12 -7.074759896728274701e-10 2.040773695174993740e+00 5.231586679977025410e-12 1.158814866577586392e-12 2.027599690454644648e-10 1.532413317845215473e-04 -7.480997020497428966e-14 -3.035763918469567215e-12 6.211257090052969554e-01 -5.280215786703528790e-18 -4.877730089757968466e-14 3.045938112946478676e-02 2.508280751976427324e-06 1.457269627200637173e-08 -1.954589026617632742e-14 1.267561294738788619e-02 -7.074759896728274701e-10 -5.280215786703531871e-18 6.211180207846996870e-01 1.076478242046349066e-22 7.857402984217576836e-18 -2.346204112284813312e-06 4.038332032065254803e-04 -1.843307148465473504e-10 1.139036349460989904e-07 2.040773695174993740e+00 -4.877730089757977301e-14 1.076413072031690879e-22 9.999999980019828172e+01 7.384166416720335492e-14 -1.418743200674624254e-12 -2.009669726276156273e-10 -9.218820053009295704e-05 5.488394947980914383e-14 5.231586679977025410e-12 3.045938112946478676e-02 7.857402984217579918e-18 7.384166416720338016e-14 9.995914394445152595e+01
1.753549029711283207e+09 2.267635089411934313e-01 -9.132614672368667053e-12 3.152264384579859687e-09 2.475287404016331474e-02 -1.110569469282352885e-04 9.506043550546328341e-13 2.547430623344058614e-06 -2.242410910605886366e-06 -1.263987986585965220e-12 -9.132614672365119224e-12 2.267635106139977430e-01 5.181715787692237535e-07 1.110114409955453363e-04 2.476119714894017484e-02 2.152759172029472064e-10 1.392801800900797354e-08 4.101363323843838695e-04 -2.054447942862578243e-10 3.152264384579860514e-09 5.181715787692238594e-07 2.267574174129037279e-01 -1.588992552508584229e-10 -1.513885769683352953e-08 1.537832134625259769e-04 -2.185378214876968810e-14 -2.204930204355331763e-10 -8.763989385992930351e-05 2.475287404016331821e-02 1.110114409955451737e-04 -1.588992552508583712e-10 9.995884728771446248e+01 2.353919820695219351e-09 -8.054111290993732658e-14 1.268344829871843361e-02 1.159936821448977151e-07 6.382064492096958295e-14 -1.110569469282353698e-04 2.476119714894016791e-02 -1.513885769683351629e-08 2.353919820695639559e-09 1.000002873643490204e+02 -3.751281028000292661e-12 -7.204576494735594976e-10 2.042035186004486302e+00 6.068697494348729471e-12 9.506043550546326322e-13 2.152759172029470513e-10 1.537832134625260040e-04 -8.054111290993732658e-14 -3.751281028000286199e-12 6.211264907922691147e-01 -5.814441203018186176e-18 -6.160392948348180803e-14 3.172248615760096119e-02 2.547430623344059461e-06 1.392801800900796196e-08 -2.185378214876968494e-14 1.268344829871843535e-02 -7.204576494735594976e-10 -5.814441203018190028e-18 6.211180217833400796e-01 1.482537585361118225e-22 8.788856919176526115e-18 -2.242410910605886789e-06 4.101363323843838695e-04 -2.204930204355331246e-10 1.159936821448977151e-07 2.042035186004486302e+00 -6.160392948348190901e-14 1.482461700109026513e-22 9.999999976595661622e+01 8.826279671974657585e-14 -1.263987986585965624e-12 -2.054447942862580052e-10 -8.763989385992930351e-05 6.382064492096975965e-14 6.068697494348730279e-12 3.172248615760096119e-02 8.788856919176529197e-18 8.826279671974661372e-14 9.995914394384240609e+01
1.753549029711295843e+09 2.169259458604705371e-01 -9.047899615793748408e-12 2.777372932328591922e-09 2.488726307692709638e-02 -1.081834700463199864e-04 7.434927231273421089e-13 2.590226699272620695e-06 -2.184833884366118892e-06 -1.117337011064284517e-12 -9.047899615789869383e-12 2.169259475900496004e-01 5.345763851685609616e-07 1.081391051805374865e-04 2.489573123934287965e-02 2.314660974072133824e-10 1.357039673471486364e-08 4.170265004899410778e-04 -2.116034229342561405e-10 2.777372932328592336e-09 5.345763851685611734e-07 2.169197879996755396e-01 -1.785428678320079276e-10 -1.726446520241503420e-08 1.546185972360031140e-04 -2.392642201369571633e-14 -2.575345206585017481e-10 -8.345426773783753353e-05 2.488726307692709638e-02 1.081391051805373238e-04 -1.785428678320078759e-10 9.995871811364716564e+01 2.394761309974344532e-09 -8.472823597987040073e-14 1.269128338299816208e-02 1.179333684132536499e-07 7.176628138435206716e-14 -1.081834700463200677e-04 2.489573123934286925e-02 -1.726446520241501766e-08 2.394761309974475640e-09 1.000002094045365624e+02 -4.487811277930727131e-12 -7.325053904729686656e-10 2.043296633813167951e+00 6.917381164561966205e-12 7.434927231273421089e-13 2.314660974072131239e-10 1.546185972360031411e-04 -8.472823597987041336e-14 -4.487811277930719053e-12 6.211273044572248603e-01 -6.197869874559377890e-18 -7.496506859278162552e-14 3.298559105992351220e-02 2.590226699272621118e-06 1.357039673471485371e-08 -2.392642201369571318e-14 1.269128338299816382e-02 -7.325053904729685622e-10 -6.197869874559381742e-18 6.211180227819372845e-01 1.931743906701331020e-22 9.629536501845393107e-18 -2.184833884366119315e-06 4.170265004899410778e-04 -2.575345206585017998e-10 1.179333684132536499e-07 2.043296633813167951e+00 -7.496506859278175174e-14 1.931656093163654815e-22 9.999999973059593117e+01 1.030313417729795407e-13 -1.117337011064284719e-12 -2.116034229342562956e-10 -8.345426773783753353e-05 7.176628138435225649e-14 6.917381164561968628e-12 3.298559105992351220e-02 9.629536501845396188e-18 1.030313417729795912e-13 9.995914394338630871e+01
1.753549029711308002e+09 2.079064791213322272e-01 -9.142508627112165305e-12 2.187650971654183762e-09 2.501730545819451715e-02 -1.075855281355617940e-04 3.712314161417830403e-13 2.630421882594908313e-06 -2.173681689836669928e-06 -8.886024467145840813e-13 -9.142508627107793526e-12 2.079064809051174023e-01 5.522640359503562190e-07 1.075413635234964129e-04 2.502591013786055821e-02 2.494564875821367621e-10 1.350112845110817884e-08 4.234979248744719853e-04 -2.182056330312009372e-10 2.187650971654183762e-09 5.522640359503562190e-07 2.079002567269623847e-01 -1.949333490111037173e-10 -1.943066872400689468e-08 1.554270494473701633e-04 -2.568831625290652089e-14 -2.956311799005992314e-10 -7.959982879772768086e-05 2.501730545819451368e-02 1.075413635234962503e-04 -1.949333490111036139e-10 9.995858781717180364e+01 2.433648268463333872e-09 -8.671346957663270048e-14 1.269882204037700753e-02 1.197772628359889068e-07 7.845971116974088844e-14 -1.075855281355618618e-04 2.502591013786055127e-02 -1.943066872400687814e-08 2.433648268463469944e-09 1.000001284145670724e+02 -5.253791619846849063e-12 -7.439581510838117567e-10 2.044510356867143219e+00 7.782055291940068611e-12 3.712314161417829898e-13 2.494564875821365036e-10 1.554270494473701904e-04 -8.671346957663271310e-14 -5.253791619846840177e-12 6.211281173615643691e-01 -6.360574984605570247e-18 -8.900362447556969725e-14 3.420103161209252229e-02 2.630421882594909160e-06 1.350112845110816891e-08 -2.568831625290651774e-14 1.269882204037700926e-02 -7.439581510838116533e-10 -6.360574984605573329e-18 6.211180237804934112e-01 2.402291429438401349e-22 1.035115758202439876e-17 -2.173681689836669928e-06 4.234979248744720395e-04 -2.956311799005992314e-10 1.197772628359888803e-07 2.044510356867143219e+00 -8.900362447556983608e-14 2.402194228580283641e-22 9.999999969416860779e+01 1.182147686793594466e-13 -8.886024467145842833e-13 -2.182056330312010665e-10 -7.959982879772766731e-05 7.845971116974109039e-14 7.782055291940071842e-12 3.420103161209252229e-02 1.035115758202440184e-17 1.182147686793594971e-13 9.995914394306410600e+01
1.753549029711320877e+09 1.996071888837914476e-01 -9.314563676501032258e-12 1.493586938597813496e-09 2.525412297515076260e-02 -1.074195893442322387e-04 -9.957872885692061070e-14 2.682376231628812909e-06 -2.171321481411771266e-06 -6.209579117557648610e-13 -9.314563676496456916e-12 1.996071907388816402e-01 5.770788103370767095e-07 1.073754449723928432e-04 2.526290312450482287e-02 2.736062323353635726e-10 1.348646877678550170e-08 4.318625749344502337e-04 -2.274876380689606012e-10 1.493586938597813496e-09 5.770788103370768153e-07 1.996008481149687819e-01 -2.079172374759493772e-10 -2.169194116437295819e-08 1.568989421606460915e-04 -2.711869954983822469e-14 -3.357451810215912048e-10 -7.599944325390287656e-05 2.525412297515075566e-02 1.073754449723926806e-04 -2.079172374759492997e-10 9.995845528482858811e+01 2.471022662191767517e-09 -8.619166290009175743e-14 1.270680457665044130e-02 1.215403234637024650e-07 8.385196520767380236e-14 -1.074195893442323065e-04 2.526290312450481593e-02 -2.169194116437294496e-08 2.471022662191595463e-09 1.000000481238312062e+02 -6.083864852824548618e-12 -7.549088384546875813e-10 2.045795544389758636e+00 8.683892169919020177e-12 -9.957872885692073692e-14 2.736062323353633142e-10 1.568989421606460915e-04 -8.619166290009178267e-14 -6.083864852824538116e-12 6.211290104515869714e-01 -6.267388244929286285e-18 -1.043400167852491313e-13 3.548796841772516170e-02 2.682376231628814603e-06 1.348646877678549177e-08 -2.711869954983821838e-14 1.270680457665044304e-02 -7.549088384546874779e-10 -6.267388244929290136e-18 6.211180247789944708e-01 2.898685590080953847e-22 1.094679393449005303e-17 -2.171321481411771266e-06 4.318625749344502879e-04 -3.357451810215912048e-10 1.215403234637024385e-07 2.045795544389758636e+00 -1.043400167852493080e-13 2.898573714000365384e-22 9.999999965631553778e+01 1.341866263617860967e-13 -6.209579117557650629e-13 -2.274876380689606529e-10 -7.599944325390284945e-05 8.385196520767401693e-14 8.683892169919023409e-12 3.548796841772516170e-02 1.094679393449005765e-17 1.341866263617861724e-13 9.995914394286089077e+01
1.753549029711333513e+09 1.996078440801930809e-01 -1.030275868595693098e-11 9.056414496417159556e-10 2.651720195243518000e-02 -1.119535429010070179e-04 -4.996733523312836975e-13 2.528803624595043031e-06 -2.264074736187533410e-06 -3.934207334282903992e-13 -1.030275868595155431e-11 1.996078461657188330e-01 6.528458496675244341e-07 1.119074525644471376e-04 2.652651985159365858e-02 2.963468600805869723e-10 1.250870012218514291e-08 4.577134588767740896e-04 -2.585146870695871301e-10 9.056414496417158522e-10 6.528458496675245400e-07 1.996008483508819042e-01 -2.079171750406713547e-10 -2.169194530548237514e-08 1.465423238719762964e-04 -2.412215801285583450e-14 -3.357451792820549336e-10 -7.662812818937344878e-05 2.651720195243516959e-02 1.119074525644469750e-04 -2.079171750406712772e-10 9.995842684722784099e+01 2.474256490375394799e-09 -7.666660475320625627e-14 1.130971906337554199e-02 1.215403234637024650e-07 8.441545654609780240e-14 -1.119535429010070721e-04 2.652651985159365164e-02 -2.169194530548236191e-08 2.474256490375222746e-09 1.000000998428992034e+02 -5.411506691672476661e-12 -6.714934955934051872e-10 2.047059162854654168e+00 8.723669598445734391e-12 -4.996733523312836975e-13 2.963468600805867138e-10 1.465423238719762964e-04 -7.666660475320626889e-14 -5.411506691672466967e-12 5.524956126656955790e-01 -4.958732655037207962e-18 -9.280902824147714759e-14 3.269010956636429766e-02 2.528803624595043878e-06 1.250870012218513630e-08 -2.412215801285582819e-14 1.130971906337554199e-02 -6.714934955934050838e-10 -4.958732655037211814e-18 5.524861984132752868e-01 2.578388832634348353e-22 9.773651168154524135e-18 -2.264074736187533410e-06 4.577134588767741439e-04 -3.357451792820549336e-10 1.215403234637024385e-07 2.047059162854654168e+00 -9.280902824147729905e-14 2.578289318551851249e-22 9.999999965731554141e+01 1.348687925920436437e-13 -3.934207334282907021e-13 -2.585146870695872335e-10 -7.662812818937342167e-05 8.441545654609801697e-14 8.723669598445737623e-12 3.269010956636430459e-02 9.773651168154530298e-18 1.348687925920437194e-13 9.995890366455583376e+01
1.753549029711345911e+09 1.919457179023473514e-01 -1.046138720418779867e-11 3.036276007115969337e-10 2.669090866576400572e-02 -1.119321265469166478e-04 -8.973684560265587050e-13 2.566556660099484055e-06 -2.264696851929511730e-06 -1.605722116769638292e-13 -1.046138720418225074e-11 1.919457200507670158e-01 6.725565547810281979e-07 1.118859956980373569e-04 2.670037138936797588e-02 3.169170470841265277e-10 1.251213723136845787e-08 4.645467581345988080e-04 -2.658336601048960862e-10 3.036276007115968820e-10 6.725565547810280920e-07 1.919386302041558856e-01 -2.172719847481453124e-10 -2.459411868743975690e-08 1.475027551132448121e-04 -2.510845394981962426e-14 -3.878379161237373670e-10 -7.329682220868745726e-05 2.669090866576399532e-02 1.118859956980372214e-04 -2.172719847481452090e-10 9.995827895713743771e+01 2.511638164695489813e-09 -7.292516276448203452e-14 1.131655441005012704e-02 1.233020631935421231e-07 8.844499759133749563e-14 -1.119321265469166884e-04 2.670037138936797588e-02 -2.459411868743974367e-08 2.511638164694946769e-09 1.000000023405037695e+02 -6.531418604314653695e-12 -6.812268645071258044e-10 2.048296359660479293e+00 9.881920542139588070e-12 -8.973684560265586040e-13 3.169170470841263726e-10 1.475027551132448392e-04 -7.292516276448204714e-14 -6.531418604314643193e-12 5.524964350733828633e-01 -4.592698320388906017e-18 -1.135231452928479003e-13 3.392937892355336882e-02 2.566556660099484478e-06 1.251213723136845125e-08 -2.510845394981962110e-14 1.131655441005012704e-02 -6.812268645071258044e-10 -4.592698320388909869e-18 5.524861994119052433e-01 3.094180724455390785e-22 1.019753622565178762e-17 -2.264696851929511730e-06 4.645467581345988622e-04 -3.878379161237373670e-10 1.233020631935420701e-07 2.048296359660479293e+00 -1.135231452928480770e-13 3.094068116953542701e-22 9.999999961343068833e+01 1.556313425334362133e-13 -1.605722116769641826e-13 -2.658336601048962413e-10 -7.329682220868741660e-05 8.844499759133772282e-14 9.881920542139592917e-12 3.392937892355337576e-02 1.019753622565179379e-17 1.556313425334363143e-13 9.995890366443845210e+01
1.753549029711358786e+09 1.848501574529826663e-01 -1.064143985218256356e-11 -8.469257986543117883e-11 2.694348404516878903e-02 -1.118142116527533854e-04 -1.153865148143095279e-12 2.611979999241858522e-06 -2.263314817833480697e-06 -1.062472825298679986e-14 -1.064143985217661820e-11 1.848501596783260759e-01 6.990241475733230684e-07 1.117680800548766186e-04 2.695312028221946363e-02 3.436508672845751142e-10 1.250450168976465416e-08 4.727683823444055232e-04 -2.756693320967231517e-10 -8.469257986543123053e-11 6.990241475733228567e-07 1.848429349649280684e-01 -2.249914223434116279e-10 -2.759774971081221144e-08 1.488990917911239083e-04 -2.594958989788785067e-14 -4.421327921219297425e-10 -7.016646385540413857e-05 2.694348404516877515e-02 1.117680800548764830e-04 -2.249914223434115245e-10 9.995812848301002873e+01 2.547675281252485554e-09 -6.797391623815881267e-14 1.132365283488634584e-02 1.249928044057723676e-07 9.185417677980839216e-14 -1.118142116527534260e-04 2.695312028221946710e-02 -2.759774971081220482e-08 2.547675281251636867e-09 9.999990422561218395e+01 -7.722519595816689822e-12 -6.905679764386324183e-10 2.049581173577748050e+00 1.107986311208634849e-11 -1.153865148143095279e-12 3.436508672845750108e-10 1.488990917911239896e-04 -6.797391623815882529e-14 -7.722519595816676897e-12 5.524973216922912655e-01 -4.111356935682808897e-18 -1.357127945754703182e-13 3.521631232144295520e-02 2.611979999241858945e-06 1.250450168976464754e-08 -2.594958989788784751e-14 1.132365283488634584e-02 -6.905679764386324183e-10 -4.111356935682813519e-18 5.524862004104883484e-01 3.641765472566878359e-22 1.056683325262900321e-17 -2.263314817833480697e-06 4.727683823444056316e-04 -4.421327921219298459e-10 1.249928044057723146e-07 2.049581173577748050e+00 -1.357127945754705201e-13 3.641638790631778456e-22 9.999999956801156031e+01 1.772548811174877183e-13 -1.062472825298723689e-14 -2.756693320967233068e-10 -7.016646385540411146e-05 9.185417677980864460e-14 1.107986311208635334e-11 3.521631232144296214e-02 1.056683325262901092e-17 1.772548811174878445e-13 9.995890366441598474e+01
1.753549029711371183e+09 1.848508418987237223e-01 -1.156361737298113491e-11 -9.134609180815087669e-10 2.818273143242578868e-02 -1.151658139572651950e-04 -1.640225411617447912e-12 2.478500068101767515e-06 -2.332006551931387282e-06 3.159352614475238495e-13 -1.156361737297451746e-11 1.848508443714420579e-01 7.811768070418633021e-07 1.151182272336093615e-04 2.819289735216554127e-02 3.690454305891443920e-10 1.160202255670269083e-08 4.981785175167006627e-04 -3.095452676903277885e-10 -9.134609180815087669e-10 7.811768070418630904e-07 1.848429353731406155e-01 -2.249913686480160622e-10 -2.759775507139977344e-08 1.402503467297250034e-04 -2.336754103679482035e-14 -4.421327899977735633e-10 -7.075244178292914405e-05 2.818273143242577133e-02 1.151182272336092260e-04 -2.249913686480159588e-10 9.995810564364549577e+01 2.550625536643357214e-09 -6.120917695677951178e-14 1.020308922758023443e-02 1.249928044057723676e-07 9.230043855042376358e-14 -1.151658139572652221e-04 2.819289735216554821e-02 -2.759775507139976351e-08 2.550625536642508527e-09 9.999995506243868704e+01 -6.953972445329284993e-12 -6.218547434329585670e-10 2.050820950183720459e+00 1.113056752861787483e-11 -1.640225411617448316e-12 3.690454305891442886e-10 1.402503467297250576e-04 -6.120917695677952440e-14 -6.953972445329273684e-12 4.975221875289034257e-01 -3.333768489092348522e-18 -1.222067903917673351e-13 3.282808750488350191e-02 2.478500068101767939e-06 1.160202255670268421e-08 -2.336754103679482351e-14 1.020308922758023443e-02 -6.218547434329585670e-10 -3.333768489092352374e-18 4.975124488108959020e-01 3.279400740011679246e-22 9.539713927481708216e-18 -2.332006551931387282e-06 4.981785175167007711e-04 -4.421327899977736667e-10 1.249928044057723146e-07 2.050820950183720459e+00 -1.222067903917675370e-13 3.279286663244530218e-22 9.999999956901156395e+01 1.781459049882905548e-13 3.159352614475232437e-13 -3.095452676903279953e-10 -7.075244178292911695e-05 9.230043855042401601e-14 1.113056752861787967e-11 3.282808750488350885e-02 9.539713927481715920e-18 1.781459049882906810e-13 9.995866431202567526e+01
1.753549029711383820e+09 1.782611985838170043e-01 -1.165660357927643640e-11 -1.635311433683162476e-09 2.839600664371234873e-02 -1.143549983133692238e-04 -2.152100514930681924e-12 2.514467078679406428e-06 -2.316439877290727210e-06 5.935760003257621372e-13 -1.165660357926932135e-11 1.782612011290568566e-01 8.044189340387153849e-07 1.143077002067490974e-04 2.840632642690674517e-02 3.936397375209449022e-10 1.152457642095610591e-08 5.054078864275459836e-04 -3.181328483052299630e-10 -1.635311433683162890e-09 8.044189340387151732e-07 1.782531719244387913e-01 -2.264098179615921251e-10 -3.135299789425020856e-08 1.413121302578520492e-04 -2.360434694631365932e-14 -5.106893251402331838e-10 -6.783003923172342621e-05 2.839600664371233485e-02 1.143077002067489618e-04 -2.264098179615920218e-10 9.995793867115435205e+01 2.586095026845885445e-09 -5.150705186363740954e-14 1.020936107839000642e-02 1.266531243267053880e-07 9.329443025261606630e-14 -1.143549983133692645e-04 2.840632642690675211e-02 -3.135299789425020856e-08 2.586095026844615309e-09 9.999983955550958115e+01 -8.492955853952637139e-12 -6.301150418118637781e-10 2.052081591081349465e+00 1.263040956563466177e-11 -2.152100514930682732e-12 3.936397375209447988e-10 1.413121302578520763e-04 -5.150705186363740954e-14 -8.492955853952627445e-12 4.975230299917035581e-01 -2.491784879955284445e-18 -1.509705921135981982e-13 3.409118563664594037e-02 2.514467078679406852e-06 1.152457642095610095e-08 -2.360434694631365932e-14 1.020936107839000642e-02 -6.301150418118636747e-10 -2.491784879955288682e-18 4.975124498095846448e-01 3.875646461530044324e-22 9.673546838392793582e-18 -2.316439877290726363e-06 5.054078864275459836e-04 -5.106893251402333906e-10 1.266531243267053615e-07 2.052081591081349465e+00 -1.509705921135984254e-13 3.875521988645616549e-22 9.999999951703431122e+01 2.054944514199489578e-13 5.935760003257615314e-13 -3.181328483052302215e-10 -6.783003923172339911e-05 9.329443025261633136e-14 1.263040956563466823e-11 3.409118563664594731e-02 9.673546838392802826e-18 2.054944514199491093e-13 9.995866431207147684e+01
1.753549029711396456e+09 1.721252569721193337e-01 -1.173309802895782035e-11 -2.138563010659268815e-09 2.863807436615549429e-02 -1.133256046749167085e-04 -2.518901499689190679e-12 2.552472353426701845e-06 -2.296354091630048262e-06 7.862489300747109442e-13 -1.173309802895030303e-11 1.721252595951646980e-01 8.319663576511397150e-07 1.132786879089196964e-04 2.864855656433296094e-02 4.228304170216544029e-10 1.142464714604675719e-08 5.130469464232417180e-04 -3.282728990937257098e-10 -2.138563010659269228e-09 8.319663576511393973e-07 1.721170928657818344e-01 -2.254512689450917605e-10 -3.521065643809438013e-08 1.425172412887207654e-04 -2.362991652827625711e-14 -5.815217889412236904e-10 -6.507914388820482273e-05 2.863807436615547694e-02 1.132786879089195745e-04 -2.254512689450916571e-10 9.995776905174524529e+01 2.620040512118376853e-09 -4.003181541524507994e-14 1.021563259652301381e-02 1.282368179251544618e-07 9.338605426366222737e-14 -1.133256046749167627e-04 2.864855656433296788e-02 -3.521065643809437351e-08 2.620040512116957825e-09 9.999972143055552465e+01 -1.010825967554000737e-11 -6.379941147266523917e-10 2.053342165075543679e+00 1.417031311801108660e-11 -2.518901499689191487e-12 4.228304170216542995e-10 1.425172412887207925e-04 -4.003181541524507362e-14 -1.010825967553999445e-11 4.975239043104019432e-01 -1.487709970186162959e-18 -1.813459852958566803e-13 3.535428370160839662e-02 2.552472353426702268e-06 1.142464714604675223e-08 -2.362991652827625396e-14 1.021563259652301381e-02 -6.379941147266521849e-10 -1.487709970186167196e-18 4.975124508082351404e-01 4.514386990479784843e-22 9.727453530238397840e-18 -2.296354091630047415e-06 5.130469464232419348e-04 -5.815217889412238972e-10 1.282368179251544353e-07 2.053342165075543679e+00 -1.813459852958569075e-13 4.514252199922127952e-22 9.999999946351292124e+01 2.337325730430950695e-13 7.862489300747104393e-13 -3.282728990937259683e-10 -6.507914388820479562e-05 9.338605426366251767e-14 1.417031311801109468e-11 3.535428370160840356e-02 9.727453530238408625e-18 2.337325730430952715e-13 9.995866431219423021e+01
1.753549029711409330e+09 1.721260119520552356e-01 -1.270635749911628975e-11 -2.979111723593151268e-09 2.992498194017465668e-02 -1.165716751580322301e-04 -2.923935251335538275e-12 2.441098747650330320e-06 -2.363004936265050779e-06 1.125495959746154073e-12 -1.270635749910801795e-11 1.721260148542338719e-01 9.264077980958891603e-07 1.165233445341539147e-04 2.993601615852251388e-02 4.556831147303881747e-10 1.069232993007474851e-08 5.394828281580779043e-04 -3.673214726225729913e-10 -2.979111723593152096e-09 9.264077980958888426e-07 1.721170935838282068e-01 -2.254512247430178963e-10 -3.521066378127994202e-08 1.354444379167639401e-04 -2.149146246986725237e-14 -5.815217863636018261e-10 -6.561654118027214835e-05 2.992498194017463933e-02 1.165233445341538063e-04 -2.254512247430177929e-10 9.995775030908330905e+01 2.622869578341286411e-09 -3.640784860611464587e-14 9.296966547649722704e-03 1.282368179251544618e-07 9.365284184047989561e-14 -1.165716751580322708e-04 2.993601615852252082e-02 -3.521066378127993541e-08 2.622869578339867382e-09 9.999977432006257061e+01 -9.193300513942707505e-12 -5.802570892920889914e-10 2.054629625395785197e+00 1.423768686156830170e-11 -2.923935251335538679e-12 4.556831147303878645e-10 1.354444379167639401e-04 -3.640784860611463956e-14 -9.193300513942694580e-12 4.524989403482030936e-01 -1.230518931845831007e-18 -1.649314751783946997e-13 3.332518994130070911e-02 2.441098747650330743e-06 1.069232993007474355e-08 -2.149146246986724921e-14 9.296966547649722704e-03 -5.802570892920887846e-10 -1.230518931845834474e-18 4.524886993612847186e-01 4.105845170486352553e-22 8.856158512012407312e-18 -2.363004936265049932e-06 5.394828281580781211e-04 -5.815217863636020329e-10 1.282368179251544353e-07 2.054629625395785197e+00 -1.649314751783949269e-13 4.105722578169519597e-22 9.999999946451292487e+01 2.349412308675838212e-13 1.125495959746153467e-12 -3.673214726225732498e-10 -6.561654118027212125e-05 9.365284184048021115e-14 1.423768686156830816e-11 3.332518994130070911e-02 8.856158512012416557e-18 2.349412308675840231e-13 9.995842009812533036e+01
1.753549029711421967e+09 1.663984588367249939e-01 -1.279513785600384805e-11 -3.554812719367510995e-09 3.015013344387282301e-02 -1.157720528500954366e-04 -3.353601233168391654e-12 2.473427921365791882e-06 -2.347642279140487964e-06 1.345611709870511919e-12 -1.279513785599573134e-11 1.663984618166167717e-01 9.522820107417076164e-07 1.157240070101362513e-04 3.016132065350658406e-02 4.840473800307980132e-10 1.062281565170374079e-08 5.466275752723589879e-04 -3.767949922465757532e-10 -3.554812719367510995e-09 9.522820107417072988e-07 1.663894057452914577e-01 -2.185742679957972595e-10 -3.998119006824897181e-08 1.364639195145496506e-04 -2.105005210627332422e-14 -6.698644033002036866e-10 -6.302587189045066667e-05 3.015013344387280567e-02 1.157240070101361293e-04 -2.185742679957971820e-10 9.995756247749176282e+01 2.656334697482499708e-09 -2.092386258945526107e-14 9.302668849886794669e-03 1.297933787178146542e-07 9.143864898186062616e-14 -1.157720528500954637e-04 3.016132065350659100e-02 -3.998119006824896520e-08 2.656334697480868094e-09 9.999963805517728588e+01 -1.125262607713144536e-11 -5.873003510900864629e-10 2.055889832885871904e+00 1.614505864716349378e-11 -3.353601233168392462e-12 4.840473800307975996e-10 1.364639195145496235e-04 -2.092386258945523582e-14 -1.125262607713143082e-11 4.524997956627006546e-01 8.452036463735567367e-21 -2.037992620392248593e-13 3.458828477858440914e-02 2.473427921365792306e-06 1.062281565170373914e-08 -2.105005210627331791e-14 9.302668849886794669e-03 -5.873003510900862561e-10 8.452036463731715507e-21 4.524887003600190361e-01 4.801584703615909738e-22 8.724767862116272146e-18 -2.347642279140486693e-06 5.466275752723592047e-04 -6.698644033002038933e-10 1.297933787178146278e-07 2.055889832885871904e+00 -2.037992620392251117e-13 4.801446980240248816e-22 9.999999940369417573e+01 2.702231017833494050e-13 1.345611709870511313e-12 -3.767949922465760117e-10 -6.302587189045063957e-05 9.143864898186094171e-14 1.614505864716350024e-11 3.458828477858440914e-02 8.724767862116282931e-18 2.702231017833496069e-13 9.995842009830353447e+01
1.753549029711434841e+09 1.610398699469105521e-01 -1.282584546324279176e-11 -3.984922679588452285e-09 3.042452177665539576e-02 -1.143069036946162901e-04 -3.687579772371187900e-12 2.509674308622763461e-06 -2.318565239626433304e-06 1.508915007288948282e-12 -1.282584546323378486e-11 1.610398730152028390e-01 9.855720630234339302e-07 1.142594233253246827e-04 3.043588001629138687e-02 5.197616926229972220e-10 1.049124534499795188e-08 5.546380265669880686e-04 -3.889744899273014702e-10 -3.984922679588452285e-09 9.855720630234335067e-07 1.610306513104718118e-01 -2.097517120678214228e-10 -4.489266137942378132e-08 1.377062953089725058e-04 -2.044217194415175549e-14 -7.612581150263052683e-10 -6.056508373219590728e-05 3.042452177665538188e-02 1.142594233253245472e-04 -2.097517120678213194e-10 9.995737142399123343e+01 2.688331522108945061e-09 -3.990369135190173413e-15 9.308478682792043629e-03 1.312748163336475056e-07 8.848850754953077519e-14 -1.143069036946162901e-04 3.043588001629140422e-02 -4.489266137942377471e-08 2.688331522106690994e-09 9.999949957331604367e+01 -1.342054978209957697e-11 -5.940036890325884030e-10 2.057173804612543400e+00 1.810735959337513014e-11 -3.687579772371189515e-12 5.197616926229968084e-10 1.377062953089725329e-04 -3.990369135190135547e-15 -1.342054978209955758e-11 4.525006999334236224e-01 1.373948505203655746e-18 -2.449233411024199227e-13 3.587521150454189151e-02 2.509674308622763884e-06 1.049124534499795023e-08 -2.044217194415174602e-14 9.308478682792043629e-03 -5.940036890325880928e-10 1.373948505203650353e-18 4.524887013587174378e-01 5.551817084259055684e-22 8.530533010621941458e-18 -2.318565239626432034e-06 5.546380265669882854e-04 -7.612581150263055785e-10 1.312748163336474791e-07 2.057173804612543400e+00 -2.449233411024202256e-13 5.551662295891614247e-22 9.999999934112086919e+01 3.066937140109843810e-13 1.508915007288947878e-12 -3.889744899273017287e-10 -6.056508373219588696e-05 8.848850754953111597e-14 1.810735959337513660e-11 3.587521150454189151e-02 8.530533010621953784e-18 3.066937140109846335e-13 9.995842009854550270e+01
1.753549029711447239e+09 1.610406407068946111e-01 -1.387292203574515752e-11 -4.459649608989548962e-09 3.166375971770101633e-02 -1.180735812028090714e-04 -3.753802794594656233e-12 2.407229304725888607e-06 -2.396050492481939515e-06 1.715328273668818539e-12 -1.387292203573461097e-11 1.610406440658575244e-01 1.086814398379462338e-06 1.180244659818838372e-04 3.167565189399298292e-02 5.560151366552101700e-10 9.942118120756256381e-09 5.801422685455246472e-04 -4.311798772405277378e-10 -4.459649608989549789e-09 1.086814398379462126e-06 1.610306520275658348e-01 -2.097516773460043299e-10 -4.489267063096389283e-08 1.314218299740804849e-04 -1.874572610704433079e-14 -7.612581116252527113e-10 -6.109584163269358851e-05 3.166375971770100245e-02 1.180244659818837017e-04 -2.097516773460042265e-10 9.995735574529177825e+01 2.690966365411656878e-09 -3.658205621853187243e-15 8.541135103912427320e-03 1.312748163336475056e-07 8.851564755767997170e-14 -1.180735812028090714e-04 3.167565189399299680e-02 -4.489267063096389283e-08 2.690966365409402811e-09 9.999955059840587523e+01 -1.230657897777181525e-11 -5.447087756235291553e-10 2.058413581215702948e+00 1.819871383339036023e-11 -3.753802794594657849e-12 5.560151366552100666e-10 1.314218299740804849e-04 -3.658205621853152533e-15 -1.230657897777179910e-11 4.149486222595444307e-01 1.155455745738209359e-18 -2.245937337487891526e-13 3.403435276223296113e-02 2.407229304725889878e-06 9.942118120756254727e-09 -1.874572610704431817e-14 8.541135103912427320e-03 -5.447087756235288451e-10 1.155455745738204736e-18 4.149377715931564237e-01 5.091085362977990310e-22 7.814028112908777350e-18 -2.396050492481938245e-06 5.801422685455248640e-04 -7.612581116252530215e-10 1.312748163336474791e-07 2.058413581215702948e+00 -2.245937337487894303e-13 5.090943420118598767e-22 9.999999934212087283e+01 3.083608496072621240e-13 1.715328273668817732e-12 -4.311798772405279446e-10 -6.109584163269356140e-05 8.851564755768032511e-14 1.819871383339036669e-11 3.403435276223296113e-02 7.814028112908791217e-18 3.083608496072623764e-13 9.995816746613476766e+01
1.753549029711459875e+09 1.560164350596142391e-01 -1.405572112546312143e-11 -4.639954023843508373e-09 3.189940809497278373e-02 -1.181075050747933624e-04 -3.892503068131728313e-12 2.436675027808760655e-06 -2.397820047952622511e-06 1.783408326343193906e-12 -1.405572112545205789e-11 1.560164385017378252e-01 1.116973271182276179e-06 1.180583235171844369e-04 3.191145310579121541e-02 5.897792656172644425e-10 9.949460681665698789e-09 5.872386874595383150e-04 -4.421305861872197865e-10 -4.639954023843508373e-09 1.116973271182275756e-06 1.560062971285938738e-01 -1.998744092783628805e-10 -5.085054142503787628e-08 1.324003284584461440e-04 -1.812103832536876192e-14 -8.729194594116413135e-10 -5.877292861048158607e-05 3.189940809497276986e-02 1.180583235171842879e-04 -1.998744092783627771e-10 9.995714589003540596e+01 2.722934058817748094e-09 1.315651888869502020e-14 8.546362287589032505e-03 1.327530676965981778e-07 8.508138142077995880e-14 -1.181075050747933624e-04 3.191145310579122929e-02 -5.085054142503788290e-08 2.722934058814663538e-09 9.999939240551007913e+01 -1.500306491850830039e-11 -5.508425990275086043e-10 2.059673330975837047e+00 2.058375779599812228e-11 -3.892503068131729928e-12 5.897792656172643391e-10 1.324003284584461169e-04 1.315651888869507068e-14 -1.500306491850828424e-11 4.149494957300329800e-01 2.398596482287702113e-18 -2.759328512925653761e-13 3.529744423428093913e-02 2.436675027808761926e-06 9.949460681665697134e-09 -1.812103832536874930e-14 8.546362287589032505e-03 -5.508425990275082941e-10 2.398596482287696720e-18 4.149377725919307092e-01 5.876574468248041918e-22 7.604698558007870571e-18 -2.397820047952620817e-06 5.872386874595385319e-04 -8.729194594116417271e-10 1.327530676965981248e-07 2.059673330975837047e+00 -2.759328512925656790e-13 5.876418265153866458e-22 9.999999927192843074e+01 3.530131833016652984e-13 1.783408326343193098e-12 -4.421305861872200450e-10 -5.877292861048155897e-05 8.508138142078032483e-14 2.058375779599812551e-11 3.529744423428093913e-02 7.604698558007885978e-18 3.530131833016656013e-13 9.995816746642167061e+01
1.753549029711472750e+09 1.512963065534474183e-01 -1.411826932266259499e-11 -4.561170381425663482e-09 3.218212085716945503e-02 -1.170017043100028567e-04 -3.822115436743033275e-12 2.469644399310981635e-06 -2.376095473399264641e-06 1.753071926435689307e-12 -1.411826932265073173e-11 1.512963100899437363e-01 1.154353213119379042e-06 1.169529379991951496e-04 3.219433645018675988e-02 6.311024523641608531e-10 9.859317226930915593e-09 5.951843056283715816e-04 -4.556724083572419705e-10 -4.561170381425663482e-09 1.154353213119378619e-06 1.512859881083576941e-01 -1.913966075821663213e-10 -5.697672160934000585e-08 1.335742042471920138e-04 -1.759680765851965133e-14 -9.882078695991952858e-10 -5.655393400235406083e-05 3.218212085716944115e-02 1.169529379991950140e-04 -1.913966075821661921e-10 9.995693250715032718e+01 2.753665327987002776e-09 2.864313397157170807e-14 8.551688054876689996e-03 1.341677217850647393e-07 8.217607123332230225e-14 -1.170017043100028432e-04 3.219433645018676682e-02 -5.697672160934001908e-08 2.753665327982888379e-09 9.999923169183425387e+01 -1.783481409536383519e-11 -5.567125333469100018e-10 2.060956839342117597e+00 2.303421042712274588e-11 -3.822115436743034891e-12 6.311024523641606463e-10 1.335742042471919867e-04 2.864313397157175856e-14 -1.783481409536381903e-11 4.149504185000693623e-01 3.546276853548183851e-18 -3.300788724489698411e-13 3.658436754212484460e-02 2.469644399310982906e-06 9.859317226930913939e-09 -1.759680765851963555e-14 8.551688054876689996e-03 -5.567125333469095882e-10 3.546276853548178458e-18 4.149377735906727982e-01 6.728282554956117009e-22 7.433384466616905557e-18 -2.376095473399262523e-06 5.951843056283716901e-04 -9.882078695991959062e-10 1.341677217850646334e-07 2.060956839342117597e+00 -3.300788724489702450e-13 6.728108551580613756e-22 9.999999919986767338e+01 3.990749816503425753e-13 1.753071926435688297e-12 -4.556724083572421773e-10 -5.655393400235402695e-05 8.217607123332268091e-14 2.303421042712275235e-11 3.658436754212484460e-02 7.433384466616922505e-18 3.990749816503428782e-13 9.995816746676204900e+01
1.753549029711485386e+09 1.468534359560728919e-01 -1.404258387905898046e-11 -4.306209898454190235e-09 3.246288611560203125e-02 -1.148473652653998018e-04 -3.598488259739627770e-12 2.501996081281350896e-06 -2.332729011910372817e-06 1.656750426876867384e-12 -1.404258387904631749e-11 1.468534395865133124e-01 1.194682744227301982e-06 1.147994597678610000e-04 3.247526929308553606e-02 6.768509345160284344e-10 9.679373412233908711e-09 6.029810605954325810e-04 -4.701495641970963120e-10 -4.306209898454191890e-09 1.194682744227301347e-06 1.468429366655563673e-01 -1.852309503370455800e-10 -6.329783769920998127e-08 1.347400297612173900e-04 -1.724272518488920145e-14 -1.107621491314586207e-09 -5.444431473833594821e-05 3.246288611560201737e-02 1.147994597678608509e-04 -1.852309503370454508e-10 9.995671557611468927e+01 2.782875780295435857e-09 4.186168858175182646e-14 8.556914549041569687e-03 1.355081338588466258e-07 8.013113296177342833e-14 -1.148473652653998018e-04 3.247526929308553606e-02 -6.329783769920998127e-08 2.782875780290675847e-09 9.999906648014363952e+01 -2.082841224833156720e-11 -5.622744095350476328e-10 2.062216422843721197e+00 2.555989117005196342e-11 -3.598488259739628174e-12 6.768509345160282276e-10 1.347400297612174171e-04 4.186168858175188326e-14 -2.082841224833155105e-11 4.149513562935182032e-01 4.525790458493616087e-18 -3.875409322909985867e-13 3.784745891930502842e-02 2.501996081281352167e-06 9.679373412233908711e-09 -1.724272518488918567e-14 8.556914549041569687e-03 -5.622744095350471158e-10 4.525790458493610694e-18 4.149377745893829128e-01 7.688192621968062429e-22 7.325343727237597744e-18 -2.332729011910370700e-06 6.029810605954325810e-04 -1.107621491314587034e-09 1.355081338588465199e-07 2.062216422843721197e+00 -3.875409322909989905e-13 7.687999547282956619e-22 9.999999912594894624e+01 4.467292312798827239e-13 1.656750426876866778e-12 -4.701495641970965188e-10 -5.444431473833590755e-05 8.013113296177381960e-14 2.555989117005197312e-11 3.784745891930502842e-02 7.325343727237616233e-18 4.467292312798831278e-13 9.995816746715128431e+01
1.753549029711498022e+09 1.426641065903367644e-01 -1.385610542836798481e-11 -3.984602712810199253e-09 3.276366091973562794e-02 -1.118142501773236786e-04 -3.309254047484096821e-12 2.535648663411682092e-06 -2.271195235929616259e-06 1.536174366223146400e-12 -1.385610542835391951e-11 1.426641103198836857e-01 1.239350086804625116e-06 1.117675799057355894e-04 3.277621831923584889e-02 7.284970571964077475e-10 9.424046550308423884e-09 6.110913324790267533e-04 -4.860530370654306647e-10 -3.984602712810200907e-09 1.239350086804624692e-06 1.426534118255486372e-01 -1.815867933555367224e-10 -6.985487050963802320e-08 1.359889464408141476e-04 -1.707526500534693589e-14 -1.231942220720021176e-09 -5.242637853375479952e-05 3.276366091973561406e-02 1.117675799057354539e-04 -1.815867933555365932e-10 9.995649479369458845e+01 2.810434462004208371e-09 5.245936647751099726e-14 8.562140675744395538e-03 1.367665338127669934e-07 7.901125365283325616e-14 -1.118142501773236786e-04 3.277621831923584889e-02 -6.985487050963803643e-08 2.810434461998915242e-09 9.999889744502736733e+01 -2.402234422913060719e-11 -5.674959864917853452e-10 2.063475917741730115e+00 2.817601414417146042e-11 -3.309254047484096417e-12 7.284970571964076441e-10 1.359889464408141747e-04 5.245936647751106037e-14 -2.402234422913059103e-11 4.149523259418958498e-01 5.308952425583009985e-18 -4.490626792257290372e-13 3.911055025268981439e-02 2.535648663411682515e-06 9.424046550308423884e-09 -1.707526500534692327e-14 8.562140675744395538e-03 -5.674959864917848282e-10 5.308952425583004593e-18 4.149377755880592766e-01 8.799532598049168525e-22 7.285652680170249167e-18 -2.271195235929614142e-06 6.110913324790267533e-04 -1.231942220720022003e-09 1.367665338127668346e-07 2.063475917741730115e+00 -4.490626792257294411e-13 8.799322639118665259e-22 9.999999905006775691e+01 4.962655551475111465e-13 1.536174366223145592e-12 -4.860530370654307681e-10 -5.242637853375476563e-05 7.901125365283366005e-14 2.817601414417147335e-11 3.911055025268981439e-02 7.285652680170269197e-18 4.962655551475115504e-13 9.995816746758544014e+01
1.753549029711514950e+09 1.387074976251566338e-01 -1.410405436700333358e-11 -4.171772540683089577e-09 3.349984258868354131e-02 -1.106650791007521376e-04 -3.495359993191941023e-12 2.606222596507236304e-06 -2.248480270701711264e-06 1.603521653228552736e-12 -1.410405436698808890e-11 1.387075015665525102e-01 1.328455582854781062e-06 1.106188378262509668e-04 3.351276005541842240e-02 8.241309857816008621e-10 9.329793590898025700e-09 6.280996499622255522e-04 -5.181275794264129274e-10 -4.171772540683091231e-09 1.328455582854780850e-06 1.386963168286472758e-01 -1.780304857060267707e-10 -7.707536563017784273e-08 1.390452116807714301e-04 -1.691462280326982038e-14 -1.369413094835285555e-09 -5.032842184913175420e-05 3.349984258868352049e-02 1.106188378262508583e-04 -1.780304857060266414e-10 9.995626423009801442e+01 2.837457809852420025e-09 6.284434849303503659e-14 8.569146665805651639e-03 1.379687000712299981e-07 7.792337435310173553e-14 -1.106650791007521376e-04 3.351276005541842240e-02 -7.707536563017786920e-08 2.837457809846379539e-09 9.999873630190437268e+01 -2.776074791195680692e-11 -5.724842286457159089e-10 2.065164359595066390e+00 3.104478772641566200e-11 -3.495359993191941831e-12 8.241309857816007587e-10 1.390452116807714572e-04 6.284434849303509970e-14 -2.776074791195678754e-11 4.149536757124604458e-01 6.076172823245363622e-18 -5.212779873923712267e-13 4.080261547446861758e-02 2.606222596507236728e-06 9.329793590898027355e-09 -1.691462280326981406e-14 8.569146665805651639e-03 -5.724842286457153919e-10 6.076172823245358230e-18 4.149377765866620327e-01 1.007259811001358752e-21 7.248493449648691376e-18 -2.248480270701709147e-06 6.280996499622255522e-04 -1.369413094835286382e-09 1.379687000712298128e-07 2.065164359595066390e+00 -5.212779873923716306e-13 1.007237542175501664e-21 9.999999896991357673e+01 5.508102403503092828e-13 1.603521653228551726e-12 -5.181275794264130308e-10 -5.032842184913172709e-05 7.792337435310216467e-14 3.104478772641567492e-11 4.080261547446861758e-02 7.248493449648712947e-18 5.508102403503097877e-13 9.995816746806440278e+01
1.753549029711527824e+09 1.387083777901340353e-01 -1.501593488989713206e-11 -4.387123671051593116e-09 3.478673356934177535e-02 -1.129344244780946009e-04 -3.426833130278446321e-12 2.508382275486195813e-06 -2.295344189052725221e-06 1.710512519966704112e-12 -1.501593488988141563e-11 1.387083820751834617e-01 1.459726050700129933e-06 1.128871749286916272e-04 3.480021054171913986e-02 8.824866322912305337e-10 8.794422090886467872e-09 6.546877804802683472e-04 -5.731900560504175310e-10 -4.387123671051594770e-09 1.459726050700129721e-06 1.386963176277299370e-01 -1.780304600063363185e-10 -7.707538287802150500e-08 1.333223833482899965e-04 -1.561848314958893163e-14 -1.369413087647117051e-09 -5.092539984581480810e-05 3.478673356934174760e-02 1.128871749286915188e-04 -1.780304600063361893e-10 9.995625087421562682e+01 2.840133253511044620e-09 5.802942513297116653e-14 7.917439846264539421e-03 1.379687000712299981e-07 7.743487663867250207e-14 -1.129344244780946144e-04 3.480021054171913292e-02 -7.707538287802151823e-08 2.840133253505004133e-09 9.999878949582355858e+01 -2.563304426964716567e-11 -5.286157035961932056e-10 2.066451819908952992e+00 3.126057141207120577e-11 -3.426833130278445917e-12 8.824866322912303269e-10 1.333223833482900236e-04 5.802942513297122964e-14 -2.563304426964714951e-11 3.831562437176988523e-01 5.180700603410437397e-18 -4.813252562403420381e-13 3.886416342782378353e-02 2.508382275486196236e-06 8.794422090886469526e-09 -1.561848314958892532e-14 7.917439846264539421e-03 -5.286157035961925852e-10 5.180700603410432775e-18 3.831417780128141826e-01 9.300751485598862616e-22 6.649442657827057998e-18 -2.295344189052723103e-06 6.546877804802683472e-04 -1.369413087647117878e-09 1.379687000712298128e-07 2.066451819908952992e+00 -4.813252562403424420e-13 9.300545861575356699e-22 9.999999897091358037e+01 5.548619918082202302e-13 1.710512519966703102e-12 -5.731900560504176344e-10 -5.092539984581478100e-05 7.743487663867291859e-14 3.126057141207121869e-11 3.886416342782379046e-02 6.649442657827078028e-18 5.548619918082207350e-13 9.995784031413374748e+01
1.753549029711540699e+09 1.349651081968918920e-01 -1.509856576333923969e-11 -4.357455374238348366e-09 3.509989243642140655e-02 -1.120954097327212792e-04 -3.415324388674066699e-12 2.539855697252690404e-06 -2.279040869184053093e-06 1.697364519298547704e-12 -1.509856576332396916e-11 1.349651125912100791e-01 1.506241255959853626e-06 1.120484666913105918e-04 3.511354697856959584e-02 9.397612604413175016e-10 8.731957272391948400e-09 6.629023430350937558e-04 -5.894151583548469136e-10 -4.357455374238350020e-09 1.506241255959853414e-06 1.349528298904940082e-01 -1.764782857145917730e-10 -8.586653763038261725e-08 1.345231456655955247e-04 -1.562552572736157393e-14 -1.537692070744271276e-09 -4.906403881361457060e-05 3.509989243642137879e-02 1.120484666913104698e-04 -1.764782857145916437e-10 9.995599784046902414e+01 2.866101014885421352e-09 6.581689581191695035e-14 7.922354320089813537e-03 1.391437992011314977e-07 7.701692298470131262e-14 -1.120954097327212521e-04 3.511354697856958890e-02 -8.586653763038264372e-08 2.866101014878994572e-09 9.999858928714766648e+01 -3.034179897216522380e-11 -5.331179995389586836e-10 2.067734495651194937e+00 3.475841458178130879e-11 -3.415324388674066699e-12 9.397612604413172948e-10 1.345231456655956060e-04 6.581689581191701346e-14 -3.034179897216521088e-11 3.831572582879309019e-01 5.697290172725692759e-18 -5.725266182734414298e-13 4.015108232240962444e-02 2.539855697252691251e-06 8.731957272391950054e-09 -1.562552572736157078e-14 7.922354320089813537e-03 -5.331179995389580632e-10 5.697290172725688907e-18 3.831417790114882149e-01 1.072822832134402819e-21 6.667955594790622259e-18 -2.279040869184050976e-06 6.629023430350937558e-04 -1.537692070744272517e-09 1.391437992011313124e-07 2.067734495651194937e+00 -5.725266182734418337e-13 1.072801129474802301e-21 9.999999888158643557e+01 6.217378232652591658e-13 1.697364519298546088e-12 -5.894151583548470170e-10 -4.906403881361455027e-05 7.701692298470174176e-14 3.475841458178132818e-11 4.015108232240963138e-02 6.667955594790643059e-18 6.217378232652596707e-13 9.995784031463894337e+01
1.753549029711553335e+09 1.314186032564524931e-01 -1.534014497570502864e-11 -4.451358622672984804e-09 3.540719675104139069e-02 -1.124476042705773175e-04 -3.528993281144218187e-12 2.570575602298244338e-06 -2.287341636611545028e-06 1.728982126255316236e-12 -1.534014497568953516e-11 1.314186077589152013e-01 1.555865943783481781e-06 1.124004615867042512e-04 3.542102485937207584e-02 1.002477509643822551e-09 8.763760986939148842e-09 6.709202376942109735e-04 -6.065161068766017113e-10 -4.451358622672986458e-09 1.555865943783481358e-06 1.314061089793126802e-01 -1.753874381503908532e-10 -9.492957653418000556e-08 1.357015171042144088e-04 -1.566524193655623656e-14 -1.711689568091503101e-09 -4.728055338382069540e-05 3.540719675104136294e-02 1.124004615867041292e-04 -1.753874381503907498e-10 9.995574053712418561e+01 2.891453810515071091e-09 7.312836478261590779e-14 7.927177075427827707e-03 1.402892275117774086e-07 7.677652453995162055e-14 -1.124476042705772904e-04 3.542102485937207584e-02 -9.492957653418003203e-08 2.891453810508555803e-09 9.999838385486823711e+01 -3.530445938425278745e-11 -5.375066142021303818e-10 2.068993232820005801e+00 3.835916439744858686e-11 -3.528993281144217783e-12 1.002477509643822551e-09 1.357015171042144901e-04 7.312836478261595827e-14 -3.530445938425277452e-11 3.831582861791130723e-01 6.180214478696552705e-18 -6.689345110756756009e-13 4.141416937192020364e-02 2.570575602298245185e-06 8.763760986939150497e-09 -1.566524193655623025e-14 7.927177075427827707e-03 -5.375066142021297614e-10 6.180214478696548083e-18 3.831417800101309945e-01 1.219836817602284226e-21 6.699077063596609272e-18 -2.287341636611542910e-06 6.709202376942109735e-04 -1.711689568091504342e-09 1.402892275117772233e-07 2.068993232820005801e+00 -6.689345110756759038e-13 1.219814123200629914e-21 9.999999879012845838e+01 6.907796712970422047e-13 1.728982126255314621e-12 -6.065161068766017113e-10 -4.728055338382067507e-05 7.677652453995206231e-14 3.835916439744860625e-11 4.141416937192021058e-02 6.699077063596630842e-18 6.907796712970427096e-13 9.995784031517979429e+01
1.753549029711565495e+09 1.314194800938082164e-01 -1.622439187661414236e-11 -4.640530578349672521e-09 3.662258764869207039e-02 -1.145358209285591536e-04 -3.459237507576441551e-12 2.477145196693108863e-06 -2.330545104811065065e-06 1.826540384063174649e-12 -1.622439187659728856e-11 1.314194849435141310e-01 1.690962751197996568e-06 1.144877464417641560e-04 3.663694663216632286e-02 1.060699781085215179e-09 8.293754723906099634e-09 6.960778083592255010e-04 -6.641679856859382942e-10 -4.640530578349674175e-09 1.690962751197996144e-06 1.314061096763176895e-01 -1.753874162763585700e-10 -9.492959685597498868e-08 1.303694494529279713e-04 -1.455027812737051892e-14 -1.711689558783804426e-09 -4.788850338020716628e-05 3.662258764869204264e-02 1.144877464417640476e-04 -1.753874162763584666e-10 9.995572904372878043e+01 2.893945093929049765e-09 6.792413627832460698e-14 7.367292328679340800e-03 1.402892275117774086e-07 7.619739911421034882e-14 -1.145358209285591265e-04 3.663694663216632286e-02 -9.492959685597502838e-08 2.893945093922534477e-09 9.999843418586874577e+01 -3.279115391949340406e-11 -4.992499139612749162e-10 2.070209167558712426e+00 3.863874749610049540e-11 -3.459237507576441955e-12 1.060699781085215179e-09 1.303694494529280255e-04 6.792413627832465746e-14 -3.279115391949339113e-11 3.558870238606450798e-01 5.331829202389322716e-18 -6.213136870343387279e-13 3.959532780224751108e-02 2.477145196693109710e-06 8.293754723906099634e-09 -1.455027812737051261e-14 7.367292328679339933e-03 -4.992499139612742959e-10 5.331829202389318094e-18 3.558719021313196396e-01 1.133015688601616085e-21 6.176815664007713083e-18 -2.330545104811062947e-06 6.960778083592255010e-04 -1.711689558783805666e-09 1.402892275117772233e-07 2.070209167558712426e+00 -6.213136870343390309e-13 1.132994609459938659e-21 9.999999879112846202e+01 6.960769410302601871e-13 1.826540384063173033e-12 -6.641679856859382942e-10 -4.788850338020714595e-05 7.619739911421079058e-14 3.863874749610051478e-11 3.959532780224751802e-02 6.176815664007733112e-18 6.960769410302606920e-13 9.995750272964995986e+01
1.753549029711578131e+09 1.280546240359581867e-01 -1.629341639751017404e-11 -4.592515399970705771e-09 3.691535846935039417e-02 -1.137171951002630349e-04 -3.436762437599385854e-12 2.504413314702899619e-06 -2.314635635474583270e-06 1.806034405795112509e-12 -1.629341639749348179e-11 1.280546289943932936e-01 1.738730143032160301e-06 1.136694197984303373e-04 3.692988433813378796e-02 1.122318616807672370e-09 8.237137404418347554e-09 7.037401488810372807e-04 -6.805223692702405364e-10 -4.592515399970707425e-09 1.738730143032159666e-06 1.280410389542373795e-01 -1.766650256637098579e-10 -1.056785153291834636e-07 1.314122306956889735e-04 -1.475661938264079833e-14 -1.919013604480139531e-09 -4.617464341337819498e-05 3.691535846935036641e-02 1.136694197984302153e-04 -1.766650256637097287e-10 9.995544951589022276e+01 2.918801992120837185e-09 7.239021102784504931e-14 7.371770215306627273e-03 1.414082609536110348e-07 7.677070874534983306e-14 -1.137171951002629943e-04 3.692988433813378102e-02 -1.056785153291835033e-07 2.918801992113896726e-09 9.999820658666794770e+01 -3.880307029568893129e-11 -5.032322398305343487e-10 2.071467451530546011e+00 4.292056495390409565e-11 -3.436762437599385854e-12 1.122318616807672783e-09 1.314122306956890549e-04 7.239021102784508717e-14 -3.880307029568892483e-11 3.558880379443200015e-01 5.583448496595975923e-18 -7.384352121366548523e-13 4.085841051360573906e-02 2.504413314702900466e-06 8.237137404418345900e-09 -1.475661938264079202e-14 7.371770215306626406e-03 -5.032322398305337283e-10 5.583448496595970531e-18 3.558719031300322522e-01 1.297272071175167778e-21 6.264635316223218135e-18 -2.314635635474581576e-06 7.037401488810373891e-04 -1.919013604480141186e-09 1.414082609536108231e-07 2.071467451530546011e+00 -7.384352121366551552e-13 1.297249524559353911e-21 9.999999869047388756e+01 7.785701977717166905e-13 1.806034405795110489e-12 -6.805223692702405364e-10 -4.617464341337816787e-05 7.677070874535030007e-14 4.292056495390411504e-11 4.085841051360574600e-02 6.264635316223238165e-18 7.785701977717170944e-13 9.995750273021234023e+01
1.753549029711591244e+09 1.248578604653537011e-01 -1.656438720204096624e-11 -4.604505005954349535e-09 3.727150724793042158e-02 -1.140859724260142536e-04 -3.476625778170065376e-12 2.536126157635688137e-06 -2.323296802865753115e-06 1.807109194262786044e-12 -1.656438720202445171e-11 1.248578655518311903e-01 1.797626468385727405e-06 1.140379881391535155e-04 3.728622632746530358e-02 1.197615429963499164e-09 8.267960072581838476e-09 7.126514570829023615e-04 -7.006184907370626975e-10 -4.604505005954351189e-09 1.797626468385726770e-06 1.248440119491882050e-01 -1.791010679220395230e-10 -1.167886494692626039e-07 1.326806851743217767e-04 -1.504149864160074374e-14 -2.133878546441385904e-09 -4.449931835223579685e-05 3.727150724793039382e-02 1.140379881391534071e-04 -1.791010679220393937e-10 9.995516475894956443e+01 2.943195229751204317e-09 7.564448308363182797e-14 7.376417381926570795e-03 1.425002158278899741e-07 7.777135244347056735e-14 -1.140859724260142130e-04 3.728622632746529664e-02 -1.167886494692626304e-07 2.943195229743975585e-09 9.999797575481674983e+01 -4.515794095504928280e-11 -5.071182007119654658e-10 2.072773303119178845e+00 4.733858679099352169e-11 -3.476625778170065779e-12 1.197615429963499784e-09 1.326806851743218309e-04 7.564448308363187845e-14 -4.515794095504928280e-11 3.558891240756114072e-01 5.752623372207824194e-18 -8.625716560223114439e-13 4.216915664211622755e-02 2.536126157635688561e-06 8.267960072581838476e-09 -1.504149864160073743e-14 7.376417381926569927e-03 -5.071182007119647420e-10 5.752623372207818801e-18 3.558719041287129459e-01 1.468932640939706475e-21 6.381425168408593619e-18 -2.323296802865751421e-06 7.126514570829025784e-04 -2.133878546441387559e-09 1.425002158278897358e-07 2.072773303119178845e+00 -8.625716560223116458e-13 1.468908615353374018e-21 9.999999858729692903e+01 8.639089673821081341e-13 1.807109194262784024e-12 -7.006184907370624907e-10 -4.449931835223576974e-05 7.777135244347103435e-14 4.733858679099354108e-11 4.216915664211623449e-02 6.381425168408615190e-18 8.639089673821085380e-13 9.995750273080616921e+01
1.753549029711603642e+09 1.248588009987593589e-01 -1.768704790050930198e-11 -5.188944010768986335e-09 3.851071992433294233e-02 -1.174231950891329083e-04 -3.825438246296289623e-12 2.452987086255189866e-06 -2.392468882814785929e-06 2.048637489732859565e-12 -1.768704790049193118e-11 1.248588064625775623e-01 1.947904875067947310e-06 1.173737408724625841e-04 3.852598250483783154e-02 1.267127098578505061e-09 7.948401499107530060e-09 7.383491226009311582e-04 -7.651843573857883417e-10 -5.188944010768987990e-09 1.947904875067946886e-06 1.248440127846849740e-01 -1.791010483785461709e-10 -1.167886753285742182e-07 1.279828052146148021e-04 -1.404206353696297406e-14 -2.133878535056753964e-09 -4.508762093473154002e-05 3.851071992433290764e-02 1.173737408724624757e-04 -1.791010483785460417e-10 9.995515477152007122e+01 2.945654477309481071e-09 7.061892308338973330e-14 6.890408816062666003e-03 1.425002158278899741e-07 7.715825274616434067e-14 -1.174231950891328676e-04 3.852598250483782460e-02 -1.167886753285742447e-07 2.945654477302252339e-09 9.999802716670444624e+01 -4.215673136260346162e-11 -4.734226375227119167e-10 2.074013079712992536e+00 4.770458880688180676e-11 -3.825438246296290431e-12 1.267127098578505889e-09 1.279828052146148834e-04 7.061892308338977116e-14 -4.215673136260346162e-11 3.322418624017237643e-01 5.013604568114841356e-18 -8.052451744886714871e-13 4.052398842617514763e-02 2.452987086255190289e-06 7.948401499107530060e-09 -1.404206353696296775e-14 6.890408816062666003e-03 -4.734226375227111929e-10 5.013604568114836734e-18 3.322259301869547876e-01 1.371329139200979394e-21 5.913883669003477386e-18 -2.392468882814784235e-06 7.383491226009313750e-04 -2.133878535056755618e-09 1.425002158278897358e-07 2.074013079712992536e+00 -8.052451744886716890e-13 1.371306709999200586e-21 9.999999858829693267e+01 8.708998493364166377e-13 2.048637489732857950e-12 -7.651843573857881349e-10 -4.508762093473151969e-05 7.715825274616480768e-14 4.770458880688182615e-11 4.052398842617515456e-02 5.913883669003498186e-18 8.708998493364170416e-13 9.995715091545460496e+01
1.753549029711617231e+09 1.218178354241103573e-01 -1.804179491060663529e-11 -5.548973554561734415e-09 3.889773821150042943e-02 -1.181318221312192607e-04 -4.225876789675058826e-12 2.484581527352041621e-06 -2.408210077101116786e-06 2.175018984480373919e-12 -1.804179491058990750e-11 1.218178410316025362e-01 2.010920342217852195e-06 1.180820100719825669e-04 3.891320745860591540e-02 1.347680642475077422e-09 8.000697834300784086e-09 7.478590486204536071e-04 -7.866607889139336253e-10 -5.548973554561735242e-09 2.010920342217851348e-06 1.218027484365332841e-01 -1.791681805649045910e-10 -1.299848925171265722e-07 1.292696124825706817e-04 -1.417186539286591403e-14 -2.390186821287199630e-09 -4.345196214231714029e-05 3.889773821150040167e-02 1.180820100719824720e-04 -1.791681805649044876e-10 9.995484479350574247e+01 2.970326053027620009e-09 7.632464997995103605e-14 6.894903907817655220e-03 1.436000569675723333e-07 7.730061745292638708e-14 -1.181318221312192335e-04 3.891320745860589458e-02 -1.299848925171265986e-07 2.970326053020351160e-09 9.999777314415871388e+01 -4.988718444051323684e-11 -4.770765952841508102e-10 2.075366099872652192e+00 5.296489842483705524e-11 -4.225876789675058826e-12 1.347680642475078456e-09 1.292696124825707630e-04 7.632464997995107391e-14 -4.988718444051324976e-11 3.322429798672399959e-01 5.318744654274744553e-18 -9.566750539462471575e-13 4.188239316549013935e-02 2.484581527352042045e-06 8.000697834300785740e-09 -1.417186539286590772e-14 6.894903907817655220e-03 -4.770765952841500864e-10 5.318744654274741471e-18 3.322259311856893271e-01 1.546438723207716295e-21 5.974261411557472999e-18 -2.408210077101115515e-06 7.478590486204539324e-04 -2.390186821287201284e-09 1.436000569675720686e-07 2.075366099872652192e+00 -9.566750539462471575e-13 1.546414893264029475e-21 9.999999847464378888e+01 9.729572183694364712e-13 2.175018984480372708e-12 -7.866607889139334186e-10 -4.345196214231711996e-05 7.730061745292685409e-14 5.296489842483708755e-11 4.188239316549014629e-02 5.974261411557493799e-18 9.729572183694366731e-13 9.995715091606756175e+01
1.753549029711630106e+09 1.189214789133793138e-01 -1.841972443761990154e-11 -5.730032541191543390e-09 3.922884849882324332e-02 -1.191726437025509688e-04 -4.452663974558899077e-12 2.512144939365326703e-06 -2.430843872466833730e-06 2.235578628067678532e-12 -1.841972443760393954e-11 1.189214846481283921e-01 2.071559807498948348e-06 1.191223324456907158e-04 3.924449901513306360e-02 1.428962672384849489e-09 8.075893176489531523e-09 7.561556348313783291e-04 -8.068687753197205564e-10 -5.730032541191545044e-09 2.071559807498947501e-06 1.189061339312862259e-01 -1.794117667723793823e-10 -1.435494701512985286e-07 1.303706556050026461e-04 -1.431322366913918199e-14 -2.654265224238034208e-09 -4.189222527387598098e-05 3.922884849882322250e-02 1.191223324456906074e-04 -1.794117667723793306e-10 9.995452968998718291e+01 2.994566820280618365e-09 8.190929380313976335e-14 6.899160994767557925e-03 1.446826421108152270e-07 7.752386337465685186e-14 -1.191726437025509417e-04 3.924449901513304279e-02 -1.435494701512985816e-07 2.994566820273557551e-09 9.999751106703568837e+01 -5.798642328128941194e-11 -4.806732241744984089e-10 2.076647480532259671e+00 5.836322271464843335e-11 -4.452663974558899077e-12 1.428962672384850730e-09 1.303706556050027003e-04 8.190929380313978860e-14 -5.798642328128945071e-11 3.322440723919601879e-01 5.615731154618068223e-18 -1.115711435155444119e-12 4.316930294659488548e-02 2.512144939365327127e-06 8.075893176489529869e-09 -1.431322366913917883e-14 6.899160994767557925e-03 -4.806732241744976851e-10 5.615731154618068223e-18 3.322259321843963886e-01 1.724135138159390002e-21 6.039926826591614007e-18 -2.430843872466832883e-06 7.561556348313786544e-04 -2.654265224238036689e-09 1.446826421108149359e-07 2.076647480532259671e+00 -1.115711435155444119e-12 1.724109846706566555e-21 9.999999835850221075e+01 1.077928913859109456e-12 2.235578628067676513e-12 -8.068687753197204530e-10 -4.189222527387596065e-05 7.752386337465733149e-14 5.836322271464845920e-11 4.316930294659489242e-02 6.039926826591634807e-18 1.077928913859109456e-12 9.995715091670801655e+01
1.753549029711643934e+09 1.189225839653202249e-01 -1.976726621701364660e-11 -6.430328409344858699e-09 4.061103877949002322e-02 -1.230243775800554445e-04 -4.895166486341208843e-12 2.445084018674021748e-06 -2.510830076984945160e-06 2.525919610339447036e-12 -1.976726621699730978e-11 1.189225901490071347e-01 2.253295039502195237e-06 1.229723654470572195e-04 4.062729784510987069e-02 1.526757919852536080e-09 7.821900438086188139e-09 7.848719812441716645e-04 -8.845003158862852038e-10 -6.430328409344859527e-09 2.253295039502193967e-06 1.189061351843367642e-01 -1.794117493792164789e-10 -1.435495061893932249e-07 1.265549881644223538e-04 -1.342143404365963314e-14 -2.654265211427009124e-09 -4.242291204677808180e-05 4.061103877949000934e-02 1.229723654470571111e-04 -1.794117493792164272e-10 9.995452094340780036e+01 2.997183223773387909e-09 7.680663044513399252e-14 6.473614578308751512e-03 1.446826421108152270e-07 7.683948493245208920e-14 -1.230243775800553903e-04 4.062729784510984987e-02 -1.435495061893933043e-07 2.997183223766327096e-09 9.999756852007345742e+01 -5.437262216188838702e-11 -4.507247350333495653e-10 2.078030308268349557e+00 5.884771441094757505e-11 -4.895166486341208843e-12 1.526757919852537321e-09 1.265549881644224351e-04 7.680663044513403039e-14 -5.437262216188841933e-11 3.115435136360356072e-01 4.937807038884207874e-18 -1.046178925880064107e-12 4.177558962809480025e-02 2.445084018674022171e-06 7.821900438086186485e-09 -1.342143404365963156e-14 6.473614578308751512e-03 -4.507247350333488933e-10 4.937807038884207874e-18 3.115264969520821214e-01 1.616712383288650973e-21 5.619609997604540143e-18 -2.510830076984944313e-06 7.848719812441719897e-04 -2.654265211427011605e-09 1.446826421108149359e-07 2.078030308268349557e+00 -1.046178925880064107e-12 1.616688667627367909e-21 9.999999835950221438e+01 1.087250689930240514e-12 2.525919610339445421e-12 -8.845003158862852038e-10 -4.242291204677806147e-05 7.683948493245256882e-14 5.884771441094760090e-11 4.177558962809480719e-02 5.619609997604560173e-18 1.087250689930240514e-12 9.995677868435278413e+01
1.753549029711657286e+09 1.161608323219296968e-01 -2.013819453029107859e-11 -6.780100222290956461e-09 4.097108399461876771e-02 -1.237980579236387007e-04 -5.307037201607732525e-12 2.472703167316734213e-06 -2.527967273034658423e-06 2.646082588225005883e-12 -2.013819453027470300e-11 1.161608386486675110e-01 2.317251191608471948e-06 1.237456573277352135e-04 4.098753723056608456e-02 1.613136062342280708e-09 7.875287351271678510e-09 7.937377270396514441e-04 -9.057047622945500012e-10 -6.780100222290956461e-09 2.317251191608470253e-06 1.161440905292455694e-01 -1.770791993093742155e-10 -1.596627192875188007e-07 1.276776525120091915e-04 -1.341349723665064613e-14 -2.969220634516262550e-09 -4.089266984793501450e-05 4.097108399461876077e-02 1.237456573277351051e-04 -1.770791993093741897e-10 9.995417740309387966e+01 3.021815049632741618e-09 8.503707960157031773e-14 6.477753161786542653e-03 1.457784936578165188e-07 7.612242197396400648e-14 -1.237980579236386736e-04 4.098753723056605680e-02 -1.596627192875188801e-07 3.021815049625599327e-09 9.999728003794699305e+01 -6.424458824704310072e-11 -4.541386033049833495e-10 2.079358790794939349e+00 6.527488303114164961e-11 -5.307037201607732525e-12 1.613136062342282362e-09 1.276776525120092729e-04 8.503707960157030511e-14 -6.424458824704315242e-11 3.115446446451688445e-01 5.366361333127313595e-18 -1.240561305193064180e-12 4.311015767329115511e-02 2.472703167316734637e-06 7.875287351271678510e-09 -1.341349723665064771e-14 6.477753161786542653e-03 -4.541386033049826774e-10 5.366361333127315906e-18 3.115264979508302057e-01 1.797830461697148377e-21 5.630589248402411222e-18 -2.527967273034657576e-06 7.937377270396517694e-04 -2.969220634516265031e-09 1.457784936578162012e-07 2.079358790794939349e+00 -1.240561305193063978e-12 1.797805177453757043e-21 9.999999823150002953e+01 1.212742201032814560e-12 2.646082588225004267e-12 -9.057047622945501046e-10 -4.089266984793499417e-05 7.612242197396449873e-14 6.527488303114167546e-11 4.311015767329116205e-02 5.630589248402433562e-18 1.212742201032814560e-12 9.995677868501039143e+01
1.753549029711669922e+09 1.135244420919159086e-01 -2.052088551679366762e-11 -6.959600960014338320e-09 4.127519644810131311e-02 -1.248261422644599786e-04 -5.547582736104334302e-12 2.496555928766603525e-06 -2.550394377640057487e-06 2.704161827395864328e-12 -2.052088551677767008e-11 1.135244485440165124e-01 2.378538434366539584e-06 1.247732448476939111e-04 4.129181843950520403e-02 1.699837815568293224e-09 7.945153730511128011e-09 8.013944624887703490e-04 -9.255024768396134126e-10 -6.959600960014339975e-09 2.378538434366538737e-06 1.135074507796224597e-01 -1.750072791314574926e-10 -1.761375381034763278e-07 1.286260471735466019e-04 -1.342063063805033146e-14 -3.291904923374569101e-09 -3.943196398041331796e-05 4.127519644810130617e-02 1.247732448476938298e-04 -1.750072791314574668e-10 9.995382892036752764e+01 3.046033946922230610e-09 9.304854627000564507e-14 6.481668579981122481e-03 1.468580941619812611e-07 7.551648319682211978e-14 -1.248261422644599786e-04 4.129181843950517627e-02 -1.761375381034763807e-07 3.046033946915255823e-09 9.999698367688770873e+01 -7.450057513719844180e-11 -4.575018452953254205e-10 2.080615637213064417e+00 7.183650848833158830e-11 -5.547582736104332686e-12 1.699837815568295085e-09 1.286260471735466832e-04 9.304854627000558196e-14 -7.450057513719851934e-11 3.115457477156183264e-01 5.781973210928639277e-18 -1.442942793472690634e-12 4.437323102796932039e-02 2.496555928766604372e-06 7.945153730511128011e-09 -1.342063063805033303e-14 6.481668579981122481e-03 -4.575018452953248002e-10 5.781973210928644669e-18 3.115264989495546977e-01 1.980663844007370240e-21 5.648036743531850255e-18 -2.550394377640057063e-06 8.013944624887706742e-04 -3.291904923374571582e-09 1.468580941619808906e-07 2.080615637213064417e+00 -1.442942793472690432e-12 1.980637264982615245e-21 9.999999810106795906e+01 1.341111940486162033e-12 2.704161827395861904e-12 -9.255024768396138262e-10 -3.943196398041330441e-05 7.551648319682263728e-14 7.183650848833162707e-11 4.437323102796932733e-02 5.648036743531874137e-18 1.341111940486162033e-12 9.995677868569219982e+01
1.753549029711682558e+09 1.110051197850207422e-01 -2.094491841993934039e-11 -7.054713686572852614e-09 4.159383278300233383e-02 -1.260460265712303157e-04 -5.701704459042184687e-12 2.521214631327138867e-06 -2.576813567463703342e-06 2.731635400899014091e-12 -2.094491841992451253e-11 1.110051263682829970e-01 2.446041113542660041e-06 1.259925489237682657e-04 4.161062908990826453e-02 1.796496491901689291e-09 8.027456512569030531e-09 8.093099049943949883e-04 -9.470242135872842494e-10 -7.054713686572853441e-09 2.446041113542659194e-06 1.109878650573164621e-01 -1.741395976797384851e-10 -1.930463886191690389e-07 1.296197441394437836e-04 -1.350092993195216161e-14 -3.623746847830455233e-09 -3.800840810219667526e-05 4.159383278300233383e-02 1.259925489237682114e-04 -1.741395976797384851e-10 9.995347521641453170e+01 3.070001143944378965e-09 9.979758526329453309e-14 6.485583636552529063e-03 1.479242713564004403e-07 7.535177375535692704e-14 -1.260460265712303157e-04 4.161062908990822984e-02 -1.930463886191690919e-07 3.070001143938081225e-09 9.999668212127711797e+01 -8.522377732058203426e-11 -4.608232701420079947e-10 2.081872367490095854e+00 7.855785339887747035e-11 -5.701704459042183879e-12 1.796496491901690739e-09 1.296197441394438649e-04 9.979758526329443211e-14 -8.522377732058211181e-11 3.115468826561803017e-01 6.120535733467517467e-18 -1.654976449129286637e-12 4.563630435239380417e-02 2.521214631327139714e-06 8.027456512569032185e-09 -1.350092993195216477e-14 6.485583636552529063e-03 -4.608232701420073743e-10 6.120535733467525941e-18 3.115264999482545427e-01 2.166572533528717418e-21 5.692296233238711850e-18 -2.576813567463703342e-06 8.093099049943953136e-04 -3.623746847830457714e-09 1.479242713564000697e-07 2.081872367490095854e+00 -1.654976449129286234e-12 2.166544696885592737e-21 9.999999796809581198e+01 1.472856984036233817e-12 2.731635400899011667e-12 -9.470242135872846630e-10 -3.800840810219666171e-05 7.535177375535748240e-14 7.855785339887753497e-11 4.563630435239381111e-02 5.692296233238738813e-18 1.472856984036233817e-12 9.995677868639671715e+01
1.753549029711695433e+09 1.085952587804974445e-01 -2.164023317861767641e-11 -8.080939611155424215e-09 4.194935505152454225e-02 -1.285945244144899916e-04 -6.948795295046479944e-12 2.548141311140185902e-06 -2.630898518400757550e-06 3.077164328643239318e-12 -2.164023317860461601e-11 1.085952655086724755e-01 2.522642039497601284e-06 1.285398907376072324e-04 4.196634118390914214e-02 1.906948075447861767e-09 8.195945466178077219e-09 8.179533681577908812e-04 -9.711776142987143899e-10 -8.080939611155420907e-09 2.522642039497601284e-06 1.085777077546174058e-01 -1.673466411838561056e-10 -2.104978238212316915e-07 1.307284504363962570e-04 -1.322493520565651052e-14 -3.966902325198756548e-09 -3.660824457447105337e-05 4.194935505152454225e-02 1.285398907376071782e-04 -1.673466411838560281e-10 9.995311561768923525e+01 3.094071681204399255e-09 1.138332045732019437e-13 6.489572563224669036e-03 1.489924429276489410e-07 7.320791489834782660e-14 -1.285945244144900187e-04 4.196634118390910051e-02 -2.104978238212316915e-07 3.094071681198900159e-09 9.999637568722553738e+01 -9.653650691154178681e-11 -4.641509080241693146e-10 2.083152810001654753e+00 8.547685944714326051e-11 -6.948795295046481559e-12 1.906948075447863008e-09 1.307284504363963654e-04 1.138332045732017922e-13 -9.653650691154187729e-11 3.115480718293272000e-01 6.898277725814650346e-18 -1.879100657635724744e-12 4.692320920067090395e-02 2.548141311140186749e-06 8.195945466178078874e-09 -1.322493520565651367e-14 6.489572563224669036e-03 -4.641509080241687976e-10 6.898277725814661131e-18 3.115265009469271318e-01 2.332045985184139227e-21 5.617707929181147483e-18 -2.630898518400757973e-06 8.179533681577912064e-04 -3.966902325198759030e-09 1.489924429276485175e-07 2.083152810001654753e+00 -1.879100657635724744e-12 2.332017483114494938e-21 9.999999783231412209e+01 1.608729672749006653e-12 3.077164328643237298e-12 -9.711776142987148035e-10 -3.660824457447103982e-05 7.320791489834841982e-14 8.547685944714333806e-11 4.692320920067091089e-02 5.617707929181175987e-18 1.608729672749006653e-12 9.995677868712273550e+01
1.753549029711708069e+09 1.062878418682046827e-01 -2.239553090355012036e-11 -9.312822269399177862e-09 4.229377842281292765e-02 -1.314325972142691248e-04 -8.483731679029701633e-12 2.574233452301922424e-06 -2.691040272169466857e-06 3.486116701289899112e-12 -2.239553090353961904e-11 1.062878487387296650e-01 2.601277973697219093e-06 1.313766809144846785e-04 4.231094883729816236e-02 2.023595732500847122e-09 8.383302965076103993e-09 8.263289443637346528e-04 -9.954344282937563838e-10 -9.312822269399174553e-09 2.601277973697218246e-06 1.062700013835757989e-01 -1.531379865208634449e-10 -2.285148068113310540e-07 1.318026091647269175e-04 -1.250122776734386137e-14 -4.321834345403650878e-09 -3.524984473736117739e-05 4.229377842281292765e-02 1.313766809144846243e-04 -1.531379865208633415e-10 9.995275025635294242e+01 3.118246488857979494e-09 1.372404161558076066e-13 6.493486821657343429e-03 1.500660465195727859e-07 6.862290440152831671e-14 -1.314325972142691790e-04 4.231094883729812073e-02 -2.285148068113310540e-07 3.118246488853639277e-09 9.999606252715376797e+01 -1.084828175384071697e-10 -4.674954681135933877e-10 2.084409283945766855e+00 9.259947840781531051e-11 -8.483731679029704864e-12 2.023595732500848776e-09 1.318026091647270530e-04 1.372404161558074299e-13 -1.084828175384072990e-10 3.115492711005842241e-01 8.243077797940460948e-18 -2.116210123599108642e-12 4.818628246679949878e-02 2.574233452301923271e-06 8.383302965076103993e-09 -1.250122776734386295e-14 6.493486821657343429e-03 -4.674954681135928707e-10 8.243077797940474814e-18 3.115265019455730200e-01 2.466157783656177517e-21 5.395930079597618321e-18 -2.691040272169467280e-06 8.263289443637349780e-04 -4.321834345403653359e-09 1.500660465195723623e-07 2.084409283945766855e+00 -2.116210123599108642e-12 2.466128442245249011e-21 9.999999769378267445e+01 1.748849371601598537e-12 3.486116701289897497e-12 -9.954344282937570042e-10 -3.524984473736116384e-05 6.862290440152896042e-14 9.259947840781540098e-11 4.818628246679950572e-02 5.395930079597650677e-18 1.748849371601598537e-12 9.995677868786883380e+01
1.753549029711721182e+09 1.062889692561744537e-01 -2.429870606370076425e-11 -1.068445387744967909e-08 4.360444284731251202e-02 -1.376965831722395072e-04 -9.587472461590988635e-12 2.503406237223819248e-06 -2.821609780076937400e-06 4.035997489009506806e-12 -2.429870606369269924e-11 1.062889765963141997e-01 2.808261524056713565e-06 1.376379061543157509e-04 4.362219562204816548e-02 2.146546332264865789e-09 8.274515385730584217e-09 8.536615369736797387e-04 -1.085340355610503264e-09 -1.068445387744967579e-08 2.808261524056712718e-06 1.062700024173440089e-01 -1.531379731035463012e-10 -2.285148621308485189e-07 1.279169860678014946e-04 -1.176801797299442630e-14 -4.321834319014303010e-09 -3.588427883203819857e-05 4.360444284731251202e-02 1.376379061543157238e-04 -1.531379731035461978e-10 9.995274247924793087e+01 3.120780063504986260e-09 1.291913770411160120e-13 6.116482589215249850e-03 1.500660465195727859e-07 6.734398029133914005e-14 -1.376965831722395343e-04 4.362219562204813078e-02 -2.285148621308485189e-07 3.120780063500646043e-09 9.999611721115786622e+01 -1.021186091952700556e-10 -4.400763771529125721e-10 2.085720586100583862e+00 9.361041466576026477e-11 -9.587472461590991867e-12 2.146546332264867857e-09 1.279169860678016301e-04 1.291913770411158606e-13 -1.021186091952701848e-10 2.932764641075216172e-01 7.304533130285697904e-18 -1.992061611551782848e-12 4.659375581172744973e-02 2.503406237223820095e-06 8.274515385730584217e-09 -1.176801797299442473e-14 6.116482589215249850e-03 -4.400763771529120551e-10 7.304533130285710230e-18 2.932551525185952412e-01 2.321515091351526911e-21 5.007142698497855753e-18 -2.821609780076937824e-06 8.536615369736800640e-04 -4.321834319014305492e-09 1.500660465195723623e-07 2.085720586100583862e+00 -1.992061611551783252e-12 2.321487470844586098e-21 9.999999769478267808e+01 1.768569593446530106e-12 4.035997489009505191e-12 -1.085340355610503884e-09 -3.588427883203819857e-05 6.734398029133979638e-14 9.361041466576035524e-11 4.659375581172746361e-02 5.007142698497885797e-18 1.768569593446530106e-12 9.995631743847584971e+01
1.753549029711733818e+09 1.040776046518066267e-01 -2.511611713540567984e-11 -1.151190219177684967e-08 4.393351044200086847e-02 -1.407411046115360134e-04 -1.064302686745083626e-11 2.526975861524603193e-06 -2.886160351633843496e-06 4.307844818374132951e-12 -2.511611713539953738e-11 1.040776121351190409e-01 2.883870633605880253e-06 1.406810490835669401e-04 4.395144114886487263e-02 2.261088700986635490e-09 8.463813260664113123e-09 8.616987776146332097e-04 -1.108357485417483588e-09 -1.151190219177684306e-08 2.883870633605878983e-06 1.040583503769174217e-01 -1.295150660387400386e-10 -2.496484179025971873e-07 1.288831529272893410e-04 -1.056684951324601137e-14 -4.739467453685398567e-09 -3.456095298636006723e-05 4.393351044200086847e-02 1.406810490835669401e-04 -1.295150660387399352e-10 9.995234839391568471e+01 3.146351682329358012e-09 1.636738351531409448e-13 6.120165539448751621e-03 1.512046405321167655e-07 5.947696888359192272e-14 -1.407411046115360676e-04 4.395144114886484488e-02 -2.496484179025972403e-07 3.146351682326093544e-09 9.999577537639743241e+01 -1.165255505499244963e-10 -4.434153631548853795e-10 2.086976468856522882e+00 1.019809161819692320e-10 -1.064302686745083949e-11 2.261088700986637144e-09 1.288831529272894765e-04 1.636738351531407681e-13 -1.165255505499246772e-10 2.932776552096880707e-01 9.192364849089986547e-18 -2.278602412983498563e-12 4.785682320984983862e-02 2.526975861524604464e-06 8.463813260664113123e-09 -1.056684951324601137e-14 6.120165539448751621e-03 -4.434153631548849659e-10 9.192364849090003495e-18 2.932551535172909785e-01 2.396959167302844989e-21 4.618423906469616436e-18 -2.886160351633843920e-06 8.616987776146335350e-04 -4.739467453685400221e-09 1.512046405321163420e-07 2.086976468856522882e+00 -2.278602412983498967e-12 2.396931034366976889e-21 9.999999754411909691e+01 1.933773428799274992e-12 4.307844818374130527e-12 -1.108357485417484415e-09 -3.456095298636007400e-05 5.947696888359261692e-14 1.019809161819693224e-10 4.785682320984985250e-02 4.618423906469648792e-18 1.933773428799274992e-12 9.995631743923188139e+01
1.753549029711746931e+09 1.019564740605742453e-01 -2.589604840604277974e-11 -1.238073396935045830e-08 4.432158878354978959e-02 -1.432957820447572567e-04 -1.178327494540894299e-11 2.554064234974357135e-06 -2.940519357902374129e-06 4.588086029974109067e-12 -2.589604840603960673e-11 1.019564817102565218e-01 2.973213423298383723e-06 1.432345571987888764e-04 4.433972301957854467e-02 2.396174778019950680e-09 8.623223848515602795e-09 8.709359116695389964e-04 -1.135334238063910689e-09 -1.238073396935045334e-08 2.973213423298382452e-06 1.019368780409696668e-01 -1.017897000071308005e-10 -2.714742926713967878e-07 1.300224792026093796e-04 -9.130012006634123649e-15 -5.171525671380190321e-09 -3.324159233528820230e-05 4.432158878354978959e-02 1.432345571987888764e-04 -1.017897000071306712e-10 9.995194749253145972e+01 3.172038823105675515e-09 2.035956398494389550e-13 6.123987889126037559e-03 1.523439464843033631e-07 5.029990430179034108e-14 -1.432957820447572838e-04 4.433972301957850998e-02 -2.714742926713968407e-07 3.172038823103485141e-09 9.999542873652747232e+01 -1.317240672053993251e-10 -4.467564369836694855e-10 2.088279886743279690e+00 1.105989890132924589e-10 -1.178327494540894945e-11 2.396174778019953161e-09 1.300224792026095152e-04 2.035956398494388035e-13 -1.317240672053995319e-10 2.932789250409111870e-01 1.139297780386785749e-17 -2.581407741450580588e-12 4.916755346695569212e-02 2.554064234974358405e-06 8.623223848515602795e-09 -9.130012006634120494e-15 6.123987889126037559e-03 -4.467564369836691236e-10 1.139297780386787752e-17 2.932551545159591821e-01 2.440597285912029675e-21 4.154540434947170155e-18 -2.940519357902375399e-06 8.709359116695393217e-04 -5.171525671380193630e-09 1.523439464843029396e-07 2.088279886743279690e+00 -2.581407741450580991e-12 2.440568262175288245e-21 9.999999739025359702e+01 2.104143903989665152e-12 4.588086029974106644e-12 -1.135334238063911516e-09 -3.324159233528820907e-05 5.029990430179106052e-14 1.105989890132925623e-10 4.916755346695570600e-02 4.154540434947204822e-18 2.104143903989665152e-12 9.995631744000628771e+01
1.753549029711759567e+09 1.019576111355803422e-01 -2.777464350867270446e-11 -1.361221489410928827e-08 4.558458487815109789e-02 -1.488407453811223485e-04 -1.261410439631615746e-11 2.485660765064408869e-06 -3.056316274775719361e-06 5.116898142735137918e-12 -2.777464350867249767e-11 1.019576192647111273e-01 3.186913131371648646e-06 1.487770606234856987e-04 4.560328289711854804e-02 2.520875869240500641e-09 8.466249957775463621e-09 8.973235479222759110e-04 -1.230447262082100064e-09 -1.361221489410928330e-08 3.186913131371647375e-06 1.019368789953068455e-01 -1.017896921241443986e-10 -2.714743563564338007e-07 1.263186427002003164e-04 -8.624194264456184776e-15 -5.171525638784023244e-09 -3.389436754146371935e-05 4.558458487815110483e-02 1.487770606234857258e-04 -1.017896921241442694e-10 9.995194055467172234e+01 3.174475407986783844e-09 1.923157808614283939e-13 5.788209084380703702e-03 1.523439464843033631e-07 4.836017873361233241e-14 -1.488407453811223756e-04 4.560328289711851335e-02 -2.714743563564338007e-07 3.174475407984593470e-09 9.999548152927548017e+01 -1.244244567467219778e-10 -4.220053859656817602e-10 2.089543505179540794e+00 1.118539760999111279e-10 -1.261410439631616392e-11 2.520875869240503122e-09 1.263186427002004791e-04 1.923157808614282172e-13 -1.244244567467221846e-10 2.770306637423871066e-01 1.016556564527811569e-17 -2.438356806256536763e-12 4.763645433146680014e-02 2.485660765064409716e-06 8.466249957775463621e-09 -8.624194264456183198e-15 5.788209084380704569e-03 -4.220053859656813984e-10 1.016556564527813418e-17 2.770083312631981265e-01 2.305384134869073307e-21 3.821840816799600240e-18 -3.056316274775720632e-06 8.973235479222762363e-04 -5.171525638784026553e-09 1.523439464843029396e-07 2.089543505179540794e+00 -2.438356806256537167e-12 2.305356719095708196e-21 9.999999739125360065e+01 2.128737473072012670e-12 5.116898142735135495e-12 -1.230447262082100891e-09 -3.389436754146373291e-05 4.836017873361304554e-14 1.118539760999112313e-10 4.763645433146681402e-02 3.821840816799632595e-18 2.128737473072012670e-12 9.995583697382140542e+01
1.753549029711772203e+09 9.992121117106068928e-02 -2.853088627457793683e-11 -1.425634101384282114e-08 4.591137046730547899e-02 -1.512999258112876619e-04 -1.348726663815889401e-11 2.507665242176055434e-06 -3.108779013561456413e-06 5.320981099584387020e-12 -2.853088627458031498e-11 9.992121945012673312e-02 3.266072083086463861e-06 1.512351089770573565e-04 4.593024534142355758e-02 2.645212013656514952e-09 8.611576117109304684e-09 9.052671627067628490e-04 -1.253747749572977360e-09 -1.425634101384281453e-08 3.266072083086462591e-06 9.990018062034265733e-02 -6.698433539190836363e-11 -2.966648927037207647e-07 1.272250476758568223e-04 -6.895968159281226479e-15 -5.671599336920200709e-09 -3.262724066129435744e-05 4.591137046730549287e-02 1.512351089770574107e-04 -6.698433539190823438e-11 9.995151052997373142e+01 3.201147082852493541e-09 2.396342774280731775e-13 5.791685916938506436e-03 1.535317084057515466e-07 3.653636814678050132e-14 -1.512999258112876348e-04 4.593024534142352289e-02 -2.966648927037207647e-07 3.201147082851543524e-09 9.999510382815979881e+01 -1.423103689489966095e-10 -4.252955858643157472e-10 2.090798638116885932e+00 1.218345150100098771e-10 -1.348726663815890370e-11 2.645212013656518261e-09 1.272250476758569849e-04 2.396342774280730260e-13 -1.423103689489968680e-10 2.770318812854804524e-01 1.263851125549762914e-17 -2.795439775586243986e-12 4.889951559567577016e-02 2.507665242176056281e-06 8.611576117109304684e-09 -6.895968159281223323e-15 5.791685916938507303e-03 -4.252955858643153853e-10 1.263851125549764763e-17 2.770083322619147914e-01 2.294931879253430515e-21 3.245879547458924957e-18 -3.108779013561457683e-06 9.052671627067632827e-04 -5.671599336920204845e-09 1.535317084057511231e-07 2.090798638116885932e+00 -2.795439775586243986e-12 2.294903950316679843e-21 9.999999722500766097e+01 2.326618493817943289e-12 5.320981099584384596e-12 -1.253747749572978601e-09 -3.262724066129436422e-05 3.653636814678124600e-14 1.218345150100100063e-10 4.889951559567578404e-02 3.245879547458960394e-18 2.326618493817943289e-12 9.995583697460416772e+01
1.753549029711785078e+09 9.796463835616329996e-02 -2.919774331182300824e-11 -1.454136187093678306e-08 4.627344623853062860e-02 -1.531712710423367284e-04 -1.393128098288583200e-11 2.531636900846485401e-06 -3.148976970541473373e-06 5.402871319719718749e-12 -2.919774331182658192e-11 9.796464680045445517e-02 3.356320410403826854e-06 1.531055759498865299e-04 4.629251319809792042e-02 2.787405131389905806e-09 8.722927812658758409e-09 9.139209299812043816e-04 -1.279980054945634688e-09 -1.454136187093677148e-08 3.356320410403825160e-06 9.794327468881076915e-02 -3.323515122220325197e-11 -3.225496634928974005e-07 1.282292854159808836e-04 -5.223461089441901106e-15 -6.186252132163607102e-09 -3.137088730816108185e-05 4.627344623853064248e-02 1.531055759498866113e-04 -3.323515122220307749e-11 9.995107387072179961e+01 3.227736823356896789e-09 2.857996895603412328e-13 5.795228391307343657e-03 1.547123661894681083e-07 2.509263633120228447e-14 -1.531712710423366742e-04 4.629251319809788573e-02 -3.225496634928972946e-07 3.227736823356549373e-09 9.999472051266266703e+01 -1.610239856074061134e-10 -4.285661067377868038e-10 2.092077467671072721e+00 1.320609139473762736e-10 -1.393128098288583847e-11 2.787405131389909528e-09 1.282292854159810191e-04 2.857996895603410813e-13 -1.610239856074064236e-10 2.770331546231728503e-01 1.505011275468965721e-17 -3.169641287751543835e-12 5.018640816200086591e-02 2.531636900846486672e-06 8.722927812658758409e-09 -5.223461089441893217e-15 5.795228391307344525e-03 -4.285661067377864936e-10 1.505011275468967878e-17 2.770083332606073645e-01 2.263337131624304422e-21 2.689982123865934639e-18 -3.148976970541474644e-06 9.139209299812049237e-04 -6.186252132163612065e-09 1.547123661894676848e-07 2.092077467671072721e+00 -3.169641287751543432e-12 2.263308608670007848e-21 9.999999705561693020e+01 2.529673028109521156e-12 5.402871319719717941e-12 -1.279980054945635928e-09 -3.137088730816108863e-05 2.509263633120308911e-14 1.320609139473764287e-10 5.018640816200087978e-02 2.689982123865974698e-18 2.529673028109521560e-12 9.995583697540341461e+01
1.753549029711797476e+09 9.796580209882950474e-02 -3.089229280086446981e-11 -1.507497044786185293e-08 4.751260634911234904e-02 -1.573671722483290978e-04 -1.386179132374638880e-11 2.466818517808926606e-06 -3.236760352098120548e-06 5.716353597104520536e-12 -3.089229280086984648e-11 9.796581103980410432e-02 3.581124768406694783e-06 1.572995959187648409e-04 4.753222890640900616e-02 2.919926002606563398e-09 8.495433875211483500e-09 9.398578685513713383e-04 -1.382015569268937014e-09 -1.507497044786184301e-08 3.581124768406693088e-06 9.794327562586405134e-02 -3.323514913465311708e-11 -3.225497381673886284e-07 1.247514096873313539e-04 -4.949263813405935738e-15 -6.186252092377417395e-09 -3.203177210591624953e-05 4.751260634911236291e-02 1.572995959187648951e-04 -3.323514913465294259e-11 9.995106764357542772e+01 3.230120529483993662e-09 2.707960208373673962e-13 5.494270909321032417e-03 1.547123661894681083e-07 2.230746182136281507e-14 -1.573671722483290436e-04 4.753222890640897147e-02 -3.225497381673885754e-07 3.230120529483646246e-09 9.999477240320739213e+01 -1.525690141168051749e-10 -4.060691963999292126e-10 2.093317244245897157e+00 1.336301370647976099e-10 -1.386179132374639365e-11 2.919926002606567120e-09 1.247514096873314623e-04 2.707960208373672448e-13 -1.525690141168054593e-10 2.624906278589294595e-01 1.351148296641010536e-17 -3.003211345576777746e-12 4.872588768849442364e-02 2.466818517808927876e-06 8.495433875211483500e-09 -4.949263813405927850e-15 5.494270909321033285e-03 -4.060691963999289542e-10 1.351148296641012539e-17 2.624672131576429313e-01 2.144526782314801750e-21 2.409808377217613990e-18 -3.236760352098121819e-06 9.398578685513718804e-04 -6.186252092377422359e-09 1.547123661894676848e-07 2.093317244245897157e+00 -3.003211345576777342e-12 2.144499756628570407e-21 9.999999705661693383e+01 2.560561439558351883e-12 5.716353597104520536e-12 -1.382015569268938255e-09 -3.203177210591625631e-05 2.230746182136361971e-14 1.336301370647977650e-10 4.872588768849443752e-02 2.409808377217651738e-18 2.560561439558352691e-12 9.995533582443842135e+01
1.753549029711810112e+09 9.608439936954787930e-02 -3.141088678062122563e-11 -1.502440765640750429e-08 4.783828446465923645e-02 -1.585377740384863454e-04 -1.388996288188573613e-11 2.487506031543256724e-06 -3.262370271010073485e-06 5.686558576324962335e-12 -3.141088678062759104e-11 9.608440846781853006e-02 3.665224428348569902e-06 1.584696222342130243e-04 4.785808343828599348e-02 3.056141039292473375e-09 8.562651525404794551e-09 9.477398096056336872e-04 -1.405919359124598566e-09 -1.502440765640749436e-08 3.665224428348568632e-06 9.606156291051866358e-02 -4.473144917426728997e-12 -3.521228776377191017e-07 1.256074123719790579e-04 -3.632853799612829396e-15 -6.775757977062934634e-09 -3.081248757029977659e-05 4.783828446465924339e-02 1.584696222342131327e-04 -4.473144917426557744e-12 9.995060111015082782e+01 3.257097334813652411e-09 3.083705298633443715e-13 5.497563227305996524e-03 1.559110465786451386e-07 1.206175627650126982e-14 -1.585377740384862912e-04 4.785808343828595879e-02 -3.521228776377189429e-07 3.257097334814858854e-09 9.999435826357364476e+01 -1.742902439350627662e-10 -4.092153398622950896e-10 2.094571613430631807e+00 1.453632289248522172e-10 -1.388996288188574420e-11 3.056141039292477097e-09 1.256074123719791392e-04 3.083705298633442200e-13 -1.742902439350631023e-10 2.624918730204910955e-01 1.534523450870547445e-17 -3.438415883220108797e-12 4.998894256217924909e-02 2.487506031543258418e-06 8.562651525404794551e-09 -3.632853799612815197e-15 5.497563227305997391e-03 -4.092153398622948311e-10 1.534523450870549602e-17 2.624672141563811345e-01 2.118660531972483937e-21 1.949661840596020672e-18 -3.262370271010074332e-06 9.477398096056341209e-04 -6.775757977062940424e-09 1.559110465786447680e-07 2.094571613430631807e+00 -3.438415883220107989e-12 2.118632404522900751e-21 9.999999687445281893e+01 2.794153038415497390e-12 5.686558576324961528e-12 -1.405919359124599600e-09 -3.081248757029978337e-05 1.206175627650208392e-14 1.453632289248523981e-10 4.998894256217926296e-02 1.949661840596061501e-18 2.794153038415498198e-12 9.995533582524483052e+01
1.753549029711822510e+09 9.427392848188427543e-02 -3.176149196400738493e-11 -1.470808144152130317e-08 4.815209916940954571e-02 -1.589397411029150700e-04 -1.357522658007291265e-11 2.507476786488396225e-06 -3.271890575012714573e-06 5.570562588943573475e-12 -3.176149196401554687e-11 9.427393773412411082e-02 3.752386990586874281e-06 1.588713502893137404e-04 4.817206881964082588e-02 3.200395307902684204e-09 8.587639216063029915e-09 9.553486654982196440e-04 -1.430000428056091725e-09 -1.470808144152129490e-08 3.752386990586873010e-06 9.425079132016885020e-02 1.845758400429146601e-11 -3.823326539454126461e-07 1.264322940367771026e-04 -2.615273234299369049e-15 -7.378789352729022813e-09 -2.962359849238994225e-05 4.815209916940955265e-02 1.588713502893138489e-04 1.845758400429161465e-11 9.995012860597245208e+01 3.283599864797003914e-09 3.380868554651890981e-13 5.500792622051160589e-03 1.570873998609299526e-07 3.667851955221020953e-15 -1.589397411029150429e-04 4.817206881964079118e-02 -3.823326539454124873e-07 3.283599864800479727e-09 9.999393718231792150e+01 -1.968114534443156671e-10 -4.123028820175224353e-10 2.095802008794167115e+00 1.573191884334277799e-10 -1.357522658007292234e-11 3.200395307902688753e-09 1.264322940367771839e-04 3.380868554651889971e-13 -1.968114534443160290e-10 2.624931256280755298e-01 1.677346216922426068e-17 -3.890305292115974291e-12 5.122816620098250007e-02 2.507476786488397919e-06 8.587639216063031570e-09 -2.615273234299344595e-15 5.500792622051161457e-03 -4.123028820175221251e-10 1.677346216922428841e-17 2.624672151550995203e-01 2.106627146751336225e-21 1.584105819513938978e-18 -3.271890575012714996e-06 9.553486654982202946e-04 -7.378789352729029431e-09 1.570873998609296085e-07 2.095802008794167115e+00 -3.890305292115972675e-12 2.106597392674138471e-21 9.999999668940456843e+01 3.032492777315569464e-12 5.570562588943572668e-12 -1.430000428056092966e-09 -2.962359849238994903e-05 3.667851955221852412e-15 1.573191884334279867e-10 5.122816620098251394e-02 1.584105819513985200e-18 3.032492777315570272e-12 9.995533582606594791e+01
1.753549029711835146e+09 9.427516236414040796e-02 -3.343177840654809767e-11 -1.502460046162666513e-08 4.941507950856410120e-02 -1.625944893746918206e-04 -1.330144469825002248e-11 2.448457559371676186e-06 -3.348488635950690047e-06 5.809687074726686262e-12 -3.343177840655864423e-11 9.427517214946670721e-02 3.997515713428898506e-06 1.625244460805547013e-04 4.943561779810379947e-02 3.353169456442870234e-09 8.350345600830780151e-09 9.818314959662039366e-04 -1.542247815763948042e-09 -1.502460046162665852e-08 3.997515713428896812e-06 9.425079235831766711e-02 1.845758264307033856e-11 -3.823327448196893581e-07 1.232769374394926669e-04 -2.484835846459006845e-15 -7.378789305971598923e-09 -3.027046129867314229e-05 4.941507950856410814e-02 1.625244460805548097e-04 1.845758264307048719e-11 9.995012298918550186e+01 3.286010875266497098e-09 3.212230326442661878e-13 5.229590019450046715e-03 1.570873998609299526e-07 2.955725249339101481e-16 -1.625944893746917935e-04 4.943561779810377171e-02 -3.823327448196891993e-07 3.286010875269972911e-09 9.999399016516777294e+01 -1.869926106669149760e-10 -3.917391454257476900e-10 2.097065627221572193e+00 1.592823208162209991e-10 -1.330144469825003055e-11 3.353169456442874783e-09 1.232769374394927482e-04 3.212230326442660868e-13 -1.869926106669152862e-10 2.494011541253044195e-01 1.514196323557360281e-17 -3.696219558393950490e-12 4.987294610134146433e-02 2.448457559371677880e-06 8.350345600830783460e-09 -2.484835846458983179e-15 5.229590019450046715e-03 -3.917391454257473798e-10 1.514196323557363055e-17 2.493765807693384684e-01 2.001558463570049163e-21 1.346134015393903416e-18 -3.348488635950690471e-06 9.818314959662045871e-04 -7.378789305971605540e-09 1.570873998609296085e-07 2.097065627221572193e+00 -3.696219558393948874e-12 2.001530193486858273e-21 9.999999669040457206e+01 3.071296592328193154e-12 5.809687074726686262e-12 -1.542247815763949283e-09 -3.027046129867314906e-05 2.955725249347412130e-16 1.592823208162212059e-10 4.987294610134147821e-02 1.346134015393947712e-18 3.071296592328193962e-12 9.995481224870593451e+01
1.753549029711847782e+09 9.253171622670637586e-02 -3.384004142101228836e-11 -1.477843844648773820e-08 4.974019685362604526e-02 -1.631720709127200885e-04 -1.308761293033469889e-11 2.468004420102916479e-06 -3.361735624288279180e-06 5.714273987644839330e-12 -3.384004142102443758e-11 9.253172617719947202e-02 4.087052663271634286e-06 1.631017085062915005e-04 4.976091148057437685e-02 3.502396539803436777e-09 8.383380501182822171e-09 9.896697851935387560e-04 -1.566737548361890138e-09 -1.477843844648773158e-08 4.087052663271631745e-06 9.250702436428454023e-02 3.206975977601628179e-11 -4.167016708669188874e-07 1.240889455514210780e-04 -1.988542157272420108e-15 -8.066501309460120776e-09 -2.909187113396424651e-05 4.974019685362605220e-02 1.631017085062916360e-04 3.206975977601634641e-11 9.994961896960799663e+01 3.312698053080822761e-09 3.370123567840142950e-13 5.232716172967541435e-03 1.582685707981469183e-07 -5.443540180161508292e-15 -1.631720709127200072e-04 4.976091148057434910e-02 -4.167016708669187286e-07 3.312698053085623717e-09 9.999353860716676934e+01 -2.130161419703689823e-10 -3.946847096029250970e-10 2.098319210450314554e+00 1.729444520461529403e-10 -1.308761293033470373e-11 3.502396539803441327e-09 1.240889455514211594e-04 3.370123567840141941e-13 -2.130161419703693442e-10 2.494024283552571941e-01 1.580240185051967514e-17 -4.219378982550332122e-12 5.113599430541421881e-02 2.468004420102918173e-06 8.383380501182825479e-09 -1.988542157272392498e-15 5.232716172967541435e-03 -3.946847096029246834e-10 1.580240185051970595e-17 2.493765817680972663e-01 2.034495328031521653e-21 1.134365521285055728e-18 -3.361735624288279180e-06 9.896697851935394065e-04 -8.066501309460127394e-09 1.582685707981465742e-07 2.098319210450314554e+00 -4.219378982550329698e-12 2.034465458139231238e-21 9.999999649181947348e+01 3.344325735413495582e-12 5.714273987644839330e-12 -1.566737548361891586e-09 -2.909187113396425329e-05 -5.443540180160667366e-15 1.729444520461531730e-10 5.113599430541423269e-02 1.134365521285103106e-18 3.344325735413496390e-12 9.995481224953347521e+01
1.753549029711860180e+09 9.085161210481117189e-02 -3.413242605799738162e-11 -1.446218707572130354e-08 5.005303389046091012e-02 -1.632443964467255974e-04 -1.277678580662486784e-11 2.486854995681411932e-06 -3.364383580597465778e-06 5.597268376886915612e-12 -3.413242605801014476e-11 9.085162221687122230e-02 4.179451045693906906e-06 1.631739373799045913e-04 5.007391896453177588e-02 3.659716401561327336e-09 8.389983900847596274e-09 9.972288640058652939e-04 -1.591210992940482935e-09 -1.446218707572129857e-08 4.179451045693904364e-06 9.082660854320616373e-02 4.002205870341258902e-11 -4.517636488280887525e-07 1.248703487275087455e-04 -1.769121842134206090e-15 -8.768981138284785330e-09 -2.794095214406888735e-05 5.005303389046091705e-02 1.631739373799047268e-04 4.002205870341248562e-11 9.994910876079374873e+01 3.338853199428487774e-09 3.448374266951995830e-13 5.235782529575788193e-03 1.594247479464144448e-07 -9.443485016916297808e-15 -1.632443964467254890e-04 5.007391896453175506e-02 -4.517636488280885408e-07 3.338853199434081582e-09 9.999307988690070204e+01 -2.399372945663587806e-10 -3.975679451513777224e-10 2.099548815048857708e+00 1.868466191657010526e-10 -1.277678580662487592e-11 3.659716401561332299e-09 1.248703487275088539e-04 3.448374266951995325e-13 -2.399372945663591942e-10 2.494037094867490034e-01 1.606984518579826601e-17 -4.761316115881584551e-12 5.237521140029043065e-02 2.486854995681414049e-06 8.389983900847599582e-09 -1.769121842134179861e-15 5.235782529575788193e-03 -3.975679451513773605e-10 1.606984518579829990e-17 2.493765827668374679e-01 2.099787413898798851e-21 1.007273744241826470e-18 -3.364383580597466201e-06 9.972288640058659445e-04 -8.768981138284791947e-09 1.594247479464141007e-07 2.099548815048857708e+00 -4.761316115881582127e-12 2.099756192851904263e-21 9.999999629024325998e+01 3.622485990602248347e-12 5.597268376886916420e-12 -1.591210992940484590e-09 -2.794095214406889412e-05 -9.443485016915430061e-15 1.868466191657013110e-10 5.237521140029044453e-02 1.007273744241877507e-18 3.622485990602249155e-12 9.995481225037444517e+01
1.753549029711873055e+09 8.923152952741966737e-02 -3.432903091608151445e-11 -1.397176623390947270e-08 5.042361035453512413e-02 -1.627003232788526595e-04 -1.222032579985964737e-11 2.508679332449702709e-06 -3.354085555223000914e-06 5.427791121272286014e-12 -3.432903091609427758e-11 8.923153982823085750e-02 4.288815848810664124e-06 1.626300371854672228e-04 5.044469152659750155e-02 3.844535520186618089e-09 8.364303057430053378e-09 1.005980420991982663e-03 -1.619980784394058671e-09 -1.397176623390946939e-08 4.288815848810662430e-06 8.920615423012015488e-02 4.073684257712450051e-11 -4.877600385565783619e-07 1.257958493115199003e-04 -1.905001434285683029e-15 -9.491113549644159525e-09 -2.678017161892040719e-05 5.042361035453513107e-02 1.626300371854673583e-04 4.073684257712425494e-11 9.994859114328134808e+01 3.364450363349954767e-09 3.419887148501777953e-13 5.238967394829613204e-03 1.605493112206812330e-07 -1.131256503972501575e-14 -1.627003232788525782e-04 5.044469152659748074e-02 -4.877600385565781502e-07 3.364450363356677263e-09 9.999261577980348648e+01 -2.680614231753705135e-10 -4.003723431307317580e-10 2.100825941524452567e+00 2.010680475794935794e-10 -1.222032579985965384e-11 3.844535520186623052e-09 1.257958493115199816e-04 3.419887148501777953e-13 -2.680614231753710822e-10 2.494050724525249674e-01 1.580892039092757909e-17 -5.328218077009495337e-12 5.366209063909578580e-02 2.508679332449704827e-06 8.364303057430056686e-09 -1.905001434285657391e-15 5.238967394829613204e-03 -4.003723431307313445e-10 1.580892039092762223e-17 2.493765837655558815e-01 2.225013403123888587e-21 9.842408830213865215e-19 -3.354085555223001761e-06 1.005980420991983530e-03 -9.491113549644167796e-09 1.605493112206809154e-07 2.100825941524452567e+00 -5.328218077009491298e-12 2.224980603388717304e-21 9.999999608516394289e+01 3.907378931735747119e-12 5.427791121272286822e-12 -1.619980784394060532e-09 -2.678017161892041396e-05 -1.131256503972414327e-14 2.010680475794938638e-10 5.366209063909579968e-02 9.842408830214412180e-19 3.907378931735747927e-12 9.995481225122840385e+01
1.753549029711885452e+09 8.766822009266779514e-02 -3.447929632691266151e-11 -1.330541452565850780e-08 5.075691125674988008e-02 -1.621231640447681321e-04 -1.140356061083649685e-11 2.528505586802369909e-06 -3.343082689840767454e-06 5.207891999182439683e-12 -3.447929632692583177e-11 8.766823056790586099e-02 4.395370249427933175e-06 1.620530675586958627e-04 5.077817146511977991e-02 4.030695883621151047e-09 8.336864508350631767e-09 1.013930746850982660e-03 -1.646724004918466907e-09 -1.330541452565850780e-08 4.395370249427931481e-06 8.764250809195879566e-02 3.250263769584410729e-11 -5.246452975142806225e-07 1.266283849446393371e-04 -2.482478434994123722e-15 -1.023198487906951351e-08 -2.565712682466888864e-05 5.075691125674988702e-02 1.620530675586959982e-04 3.250263769584373894e-11 9.994806682057885894e+01 3.389357696198689488e-09 3.258159877707179030e-13 5.242032981205116057e-03 1.616432852934695085e-07 -1.059049881311630728e-14 -1.621231640447679965e-04 5.077817146511976604e-02 -5.246452975142803049e-07 3.389357696205950480e-09 9.999214299418537166e+01 -2.973713259073607662e-10 -4.031004588305902789e-10 2.102055237099044849e+00 2.155873472680490687e-10 -1.140356061083650332e-11 4.030695883621154356e-09 1.266283849446394455e-04 3.258159877707178525e-13 -2.973713259073613866e-10 2.494064161319721196e-01 1.488627481944758886e-17 -5.919765046099462030e-12 5.490130768466051220e-02 2.528505586802371604e-06 8.336864508350636730e-09 -2.482478434994098478e-15 5.242032981205116057e-03 -4.031004588305897619e-10 1.488627481944763817e-17 2.493765847642543665e-01 2.430364648242352668e-21 1.088531686314488489e-18 -3.343082689840768301e-06 1.013930746850983311e-03 -1.023198487906952344e-08 1.616432852934692174e-07 2.102055237099044849e+00 -5.919765046099457184e-12 2.430330176736693142e-21 9.999999587688110125e+01 4.198571907420747375e-12 5.207891999182439683e-12 -1.646724004918468768e-09 -2.565712682466889203e-05 -1.059049881311540956e-14 2.155873472680493789e-10 5.490130768466052608e-02 1.088531686314546844e-18 4.198571907420748991e-12 9.995481225209439913e+01
1.753549029711898804e+09 8.615889126394753184e-02 -3.497978635528294352e-11 -1.293006659386268252e-08 5.119373063944027136e-02 -1.627720272395182237e-04 -1.098734100830607483e-11 2.553717363949714718e-06 -3.357842012180922210e-06 5.077281935163774023e-12 -3.497978635529511858e-11 8.615890196240554022e-02 4.528884525575092638e-06 1.627015769465136891e-04 5.121521636002684258e-02 4.260543771649769437e-09 8.373670816500038384e-09 1.024040667272964897e-03 -1.680269820277735045e-09 -1.293006659386268252e-08 4.528884525575091791e-06 8.613273465841578269e-02 1.669634987563302416e-11 -5.628109882011040239e-07 1.277192597119581989e-04 -3.437640278884795555e-15 -1.099954804133606056e-08 -2.449475884233758591e-05 5.119373063944027830e-02 1.627015769465138247e-04 1.669634987563252656e-11 9.994753360603004921e+01 3.414069871390761117e-09 2.983843745644824787e-13 5.245335912223135846e-03 1.627193127783774954e-07 -7.692568086572266672e-15 -1.627720272395180340e-04 5.121521636002682870e-02 -5.628109882011038121e-07 3.414069871397421575e-09 9.999166534058340972e+01 -3.283735560182046267e-10 -4.057838199690571652e-10 2.103379707764433171e+00 2.305302129483649478e-10 -1.098734100830608291e-11 4.260543771649773573e-09 1.277192597119582802e-04 2.983843745644823272e-13 -3.283735560182052471e-10 2.494078976534636061e-01 1.339942183014004609e-17 -6.546246200391321586e-12 5.623584904276286017e-02 2.553717363949716835e-06 8.373670816500043347e-09 -3.437640278884771890e-15 5.245335912223135846e-03 -4.057838199690566482e-10 1.339942183014009693e-17 2.493765857629271776e-01 2.710218531744271949e-21 1.301058590330636854e-18 -3.357842012180923481e-06 1.024040667272965548e-03 -1.099954804133607214e-08 1.627193127783772042e-07 2.103379707764433171e+00 -6.546246200391315932e-12 2.710182679467515350e-21 9.999999566446953736e+01 4.498616301286396670e-12 5.077281935163773215e-12 -1.680269820277737113e-09 -2.449475884233758591e-05 -7.692568086571337393e-15 2.305302129483653097e-10 5.623584904276287405e-02 1.301058590330698291e-18 4.498616301286398285e-12 9.995481225297230310e+01
1.753549029711911440e+09 8.616020201489660302e-02 -3.670735925735278987e-11 -1.310896941786543228e-08 5.245667859414773065e-02 -1.663107089762521078e-04 -1.071794049976371206e-11 2.495532654288236999e-06 -3.432277162357104963e-06 5.251410467704062230e-12 -3.670735925736519758e-11 8.616021329575608567e-02 4.815180248113601096e-06 1.662386451577003239e-04 5.247873782969175033e-02 4.462457053267929837e-09 8.152677265920818836e-09 1.050619257471777871e-03 -1.813004097683885919e-09 -1.310896941786543062e-08 4.815180248113600249e-06 8.613273566333716491e-02 1.669634960081609507e-11 -5.628111231563604217e-07 1.246526180920267508e-04 -3.274332091443728379e-15 -1.099954796085570815e-08 -2.521762986500708457e-05 5.245667859414773759e-02 1.662386451577004595e-04 1.669634960081559424e-11 9.994752849203420908e+01 3.416526610180742669e-09 2.842074651099100370e-13 4.999152750874858581e-03 1.627193127783774954e-07 -1.096089249578778416e-14 -1.663107089762519181e-04 5.247873782969173645e-02 -5.628111231563602099e-07 3.416526610187403127e-09 9.999171851493964880e+01 -3.127692133604591263e-10 -3.865066768045376407e-10 2.104643326178886831e+00 2.341270467198971073e-10 -1.071794049976372175e-11 4.462457053267934800e-09 1.246526180920268592e-04 2.842074651099098855e-13 -3.127692133604596950e-10 2.375594279955647314e-01 1.215649656812287788e-17 -6.235167555297854914e-12 5.476701551816451352e-02 2.495532654288239117e-06 8.152677265920823799e-09 -3.274332091443705897e-15 4.999152750874858581e-03 -3.865066768045371237e-10 1.215649656812292564e-17 2.375297167589069669e-01 2.581467059620025931e-21 1.099453547018985536e-18 -3.432277162357106234e-06 1.050619257471778522e-03 -1.099954796085571973e-08 1.627193127783772042e-07 2.104643326178886831e+00 -6.235167555297849260e-12 2.581432910539498029e-21 9.999999566546954100e+01 4.570319352084913870e-12 5.251410467704061422e-12 -1.813004097683887987e-09 -2.521762986500708457e-05 -1.096089249578685331e-14 2.341270467198974692e-10 5.476701551816452740e-02 1.099453547019044470e-18 4.570319352084915485e-12 9.995418244538080899e+01
1.753549029711924076e+09 8.470193477732140819e-02 -3.716738333866856529e-11 -1.284168690775851035e-08 5.280959779720763303e-02 -1.669726852782398745e-04 -1.046318289544122742e-11 2.515357211387575159e-06 -3.447363969728868329e-06 5.150987564320661538e-12 -3.716738333868055941e-11 8.470194625169689961e-02 4.930124920710416066e-06 1.669002616532028931e-04 5.283184549738424024e-02 4.668284833823126368e-09 8.188512931639603815e-09 1.058965393568046462e-03 -1.840507753129627086e-09 -1.284168690775850869e-08 4.930124920710414372e-06 8.467409744502661650e-02 -1.301997652285494542e-11 -6.062718065008142935e-07 1.254923529470770524e-04 -4.860483466060658014e-15 -1.187544142044278669e-08 -2.411024740646760137e-05 5.280959779720763997e-02 1.669002616532030015e-04 -1.301997652285554642e-11 9.994696123134410470e+01 3.441265423372054206e-09 2.376910734583456518e-13 5.002127195156419980e-03 1.638000821180463801e-07 -3.727276666445402130e-15 -1.669726852782397390e-04 5.283184549738422636e-02 -6.062718065008140817e-07 3.441265423378215047e-09 9.999120385499976749e+01 -3.488178228445764665e-10 -3.890738257093938268e-10 2.105895562237477758e+00 2.511959850292206962e-10 -1.046318289544123872e-11 4.668284833823131331e-09 1.254923529470771608e-04 2.376910734583455509e-13 -3.488178228445770868e-10 2.375608258438875187e-01 9.816118225370305430e-18 -6.964793492288347674e-12 5.603005564387511517e-02 2.515357211387577276e-06 8.188512931639610432e-09 -4.860483466060635926e-15 5.002127195156419980e-03 -3.890738257093932582e-10 9.816118225370356274e-18 2.375297177576197460e-01 2.990071465246577541e-21 1.513841484370396094e-18 -3.447363969728869599e-06 1.058965393568047329e-03 -1.187544142044279827e-08 1.638000821180460889e-07 2.105895562237477758e+00 -6.964793492288339596e-12 2.990036644348362357e-21 9.999999543832069548e+01 4.913806675447303712e-12 5.150987564320660730e-12 -1.840507753129629154e-09 -2.411024740646759798e-05 -3.727276666444408165e-15 2.511959850292210580e-10 5.603005564387512905e-02 1.513841484370459265e-18 4.913806675447305328e-12 9.995418244626254989e+01
1.753549029711936712e+09 8.329226072367162947e-02 -3.751648323638071755e-11 -1.235449271758445117e-08 5.317177762861127061e-02 -1.671583440490100536e-04 -9.876409393542253440e-12 2.535609935360042003e-06 -3.452424167485815610e-06 4.989115222507459367e-12 -3.751648323639252426e-11 8.329227239845968245e-02 5.052503278617321574e-06 1.670857710178843614e-04 5.319421778910091853e-02 4.890559876494865579e-09 8.200532422954490250e-09 1.067491787833262443e-03 -1.868793750885210302e-09 -1.235449271758445283e-08 5.052503278617319880e-06 8.326404009021601271e-02 -5.089593448117525200e-11 -6.508396501361775110e-07 1.263541351216122398e-04 -6.835195129158796207e-15 -1.277466579667176064e-08 -2.301252824193743483e-05 5.317177762861126367e-02 1.670857710178844698e-04 -5.089593448117601456e-11 9.994638632647851750e+01 3.465582202095365763e-09 1.786313839828563945e-13 5.005101242886059870e-03 1.648594986978921644e-07 5.765678956540007588e-15 -1.671583440490099451e-04 5.319421778910089077e-02 -6.508396501361775110e-07 3.465582202102370329e-09 9.999068157515107202e+01 -3.864054009058069156e-10 -3.915902554851299395e-10 2.107147631260559262e+00 2.686244618550975531e-10 -9.876409393542264750e-12 4.890559876494870542e-09 1.263541351216123211e-04 1.786313839828562682e-13 -3.864054009058076394e-10 2.375622555690032889e-01 6.875437539568892277e-18 -7.726450800289379239e-12 5.729309574543621497e-02 2.535609935360044544e-06 8.200532422954496867e-09 -6.835195129158780429e-15 5.005101242886059870e-03 -3.915902554851293191e-10 6.875437539568943122e-18 2.375297187563120971e-01 3.519055083005112910e-21 2.035463884258131082e-18 -3.452424167485816457e-06 1.067491787833263310e-03 -1.277466579667177387e-08 1.648594986978918467e-07 2.107147631260559262e+00 -7.726450800289371161e-12 3.519020095038650815e-21 9.999999520754963100e+01 5.264896847416219882e-12 4.989115222507457751e-12 -1.868793750885212783e-09 -2.301252824193742805e-05 5.765678956541048884e-15 2.686244618550979667e-10 5.729309574543622885e-02 2.035463884258198104e-18 5.264896847416221498e-12 9.995418244715484946e+01
1.753549029711949110e+09 8.329359551278713025e-02 -3.900058402047390488e-11 -1.180876428507243665e-08 5.441088461079332528e-02 -1.696424548700469967e-04 -8.637806357426651136e-12 2.479854076602209115e-06 -3.504769969238281488e-06 4.939402579358889235e-12 -3.900058402048610580e-11 8.329360778927709374e-02 5.350199681446314411e-06 1.695687301859988370e-04 5.443388994001720216e-02 5.099986614153310127e-09 7.947324109800858461e-09 1.093615658842118053e-03 -2.010772840223589309e-09 -1.180876428507243831e-08 5.350199681446312716e-06 8.326404106775725511e-02 -5.089593022542990020e-11 -6.508398037649977501e-07 1.234343938287616870e-04 -6.525209000599683742e-15 -1.277466570172214658e-08 -2.374720174164369644e-05 5.441088461079331834e-02 1.695687301859989183e-04 -5.089593022543066275e-11 9.994638166300187265e+01 3.467995669390554793e-09 1.705291424232936457e-13 4.780923783490401320e-03 1.648594986978921644e-07 3.769384303496100326e-15 -1.696424548700468883e-04 5.443388994001717440e-02 -6.508398037649977501e-07 3.467995669397559358e-09 9.999073383936854498e+01 -3.688758638892111644e-10 -3.738310581876273297e-10 2.108387407812471803e+00 2.729427579924582249e-10 -8.637806357426662445e-12 5.099986614153315917e-09 1.234343938287617683e-04 1.705291424232935194e-13 -3.688758638892118365e-10 2.267883566584159849e-01 6.265938472123861564e-18 -7.375934671999162744e-12 5.587741529976142374e-02 2.479854076602211656e-06 7.947324109800865078e-09 -6.525209000599668753e-15 4.780923783490401320e-03 -3.738310581876267610e-10 6.265938472123907786e-18 2.267573956290253878e-01 3.359460739548259320e-21 1.869800622897887663e-18 -3.504769969238282335e-06 1.093615658842118921e-03 -1.277466570172215981e-08 1.648594986978918467e-07 2.108387407812471803e+00 -7.375934671999154666e-12 3.359427338337828311e-21 9.999999520854963464e+01 5.351242937991553094e-12 4.939402579358887619e-12 -2.010772840223591791e-09 -2.374720174164368967e-05 3.769384303497143201e-15 2.729427579924586385e-10 5.587741529976143762e-02 1.869800622897952759e-18 5.351242937991555518e-12 9.995352832137945143e+01
1.753549029711961508e+09 8.193008832477104153e-02 -3.917660178319448525e-11 -1.089727472037111570e-08 5.473811223101298501e-02 -1.693072103727329299e-04 -7.425710587835374691e-12 2.497520556886190690e-06 -3.498882545978262672e-06 4.655199395352397934e-12 -3.917660178320669263e-11 8.193010079268442380e-02 5.464352106265145295e-06 1.692335667056107397e-04 5.476129493479357097e-02 5.312515740838083494e-09 7.933973963387393028e-09 1.101406573878165995e-03 -2.036140327127283193e-09 -1.089727472037111570e-08 5.464352106265143601e-06 8.190017714729087850e-02 -1.168070424116915328e-10 -7.010235504612053370e-07 1.241778667019215491e-04 -9.699665807578030632e-15 -1.378917107708508388e-08 -2.267681396107984346e-05 5.473811223101297113e-02 1.692335667056108482e-04 -1.168070424116925409e-10 9.994577254163523605e+01 3.491958976297118555e-09 7.163469801712891529e-14 4.783707270972045039e-03 1.659020342237484280e-07 2.179092916841835856e-14 -1.693072103727327944e-04 5.476129493479355015e-02 -7.010235504612054429e-07 3.491958976304904806e-09 9.999017637721696872e+01 -4.118621793825980307e-10 -3.761950851542980097e-10 2.109614920398275029e+00 2.926630266054876548e-10 -7.425710587835389232e-12 5.312515740838089284e-09 1.241778667019216575e-04 7.163469801712881432e-14 -4.118621793825987545e-10 2.267897553965990687e-01 1.628677519360761916e-18 -8.248350568911969287e-12 5.711661633865752069e-02 2.497520556886192807e-06 7.933973963387401300e-09 -9.699665807578021166e-15 4.783707270972045039e-03 -3.761950851542974410e-10 1.628677519360807368e-18 2.267573966277570685e-01 4.200469743034341994e-21 2.760939207719526238e-18 -3.498882545978263519e-06 1.101406573878166645e-03 -1.378917107708509711e-08 1.659020342237480839e-07 2.109614920398275029e+00 -8.248350568911962825e-12 4.200435456365569202e-21 9.999999496288606338e+01 5.749304127709913265e-12 4.655199395352396318e-12 -2.036140327127285674e-09 -2.267681396107983668e-05 2.179092916841948190e-14 2.926630266054881201e-10 5.711661633865753457e-02 2.760939207719596342e-18 5.749304127709916496e-12 9.995352832227489159e+01
1.753549029711974144e+09 8.061057969167259585e-02 -3.934110879631134667e-11 -1.001040766308606186e-08 5.509818811996523152e-02 -1.688281295561814199e-04 -6.221912892754371755e-12 2.516728405474333787e-06 -3.489951916221123141e-06 4.384676288835556336e-12 -3.934110879632395472e-11 8.061059237003542766e-02 5.592552865715022913e-06 1.687546303166630310e-04 5.512156296652814119e-02 5.551595984143984224e-09 7.913723122139704164e-09 1.109877232247793695e-03 -2.064008735433381057e-09 -1.001040766308606020e-08 5.592552865715021219e-06 8.058027351297591956e-02 -1.946527329493251987e-10 -7.523906694580147699e-07 1.249959089806214904e-04 -1.341871207484133039e-14 -1.482870277265491561e-08 -2.160124861004778611e-05 5.509818811996521071e-02 1.687546303166631123e-04 -1.946527329493263361e-10 9.994515554657287737e+01 3.515407219504204469e-09 -4.620005417284545543e-14 4.786544431161375915e-03 1.669170189632952048e-07 4.298071602733163926e-14 -1.688281295561812844e-04 5.512156296652812038e-02 -7.523906694580146640e-07 3.515407219512703750e-09 9.998961206843351590e+01 -4.565391918782086213e-10 -3.784966386873884553e-10 2.110866102553775381e+00 3.127617880775212853e-10 -6.221912892754385488e-12 5.551595984143991669e-09 1.249959089806215989e-04 -4.620005417284548068e-14 -4.565391918782093451e-10 2.267912126527415473e-01 -3.876453882642922140e-18 -9.156075466359070293e-12 5.837964813205209075e-02 2.516728405474335481e-06 7.913723122139710781e-09 -1.341871207484133039e-14 4.786544431161375915e-03 -3.784966386873878866e-10 -3.876453882642880540e-18 2.267573976264695146e-01 5.275706036957523296e-21 3.796191135730495650e-18 -3.489951916221123988e-06 1.109877232247794346e-03 -1.482870277265492884e-08 1.669170189632948607e-07 2.110866102553775381e+00 -9.156075466359062215e-12 5.275671959140127303e-21 9.999999471348107249e+01 6.155401371126678507e-12 4.384676288835553913e-12 -2.064008735433383125e-09 -2.160124861004778272e-05 4.298071602733281308e-14 3.127617880775217506e-10 5.837964813205210463e-02 3.796191135730567294e-18 6.155401371126681738e-12 9.995352832318003777e+01
1.753549029711986542e+09 8.061196224658723208e-02 -4.077995058859769418e-11 -9.489756571171262867e-09 5.633728053137743164e-02 -1.710119652694083964e-04 -5.179314006649738021e-12 2.464310637823641077e-06 -3.536051559178028590e-06 4.306859164032742258e-12 -4.077995058861092907e-11 8.061197555778799873e-02 5.908852091479037196e-06 1.709374440858472716e-04 5.636122294869429228e-02 5.780046359002059560e-09 7.670393752473662917e-09 1.136047215822200010e-03 -2.217718024857442308e-09 -9.489756571171261212e-09 5.908852091479036349e-06 8.058027452198492091e-02 -1.946527202630120934e-10 -7.523908477975077031e-07 1.222617410582750477e-04 -1.283655525282245808e-14 -1.482870266228411879e-08 -2.233529223263696966e-05 5.633728053137741082e-02 1.709374440858473529e-04 -1.946527202630132049e-10 9.994515127773460961e+01 3.517818747264872888e-09 -4.419490179046418628e-14 4.581574531850466162e-03 1.669170189632952048e-07 4.350768242762276899e-14 -1.710119652694082608e-04 5.636122294869427146e-02 -7.523908477975077031e-07 3.517818747273372169e-09 9.998966442485246375e+01 -4.367261685077940402e-10 -3.620759582096281026e-10 2.112105879099562600e+00 3.179692866545929480e-10 -5.179314006649750946e-12 5.780046359002067005e-09 1.222617410582751561e-04 -4.419490179046421783e-14 -4.367261685077946606e-10 2.169520493773562930e-01 -3.547331217855224035e-18 -8.758716597058648856e-12 5.703196232141186095e-02 2.464310637823642771e-06 7.670393752473669535e-09 -1.283655525282245650e-14 4.581574531850466162e-03 -3.620759582096275856e-10 -3.547331217855186287e-18 2.169197662455681630e-01 5.046825046398219226e-21 3.673794917534401300e-18 -3.536051559178029437e-06 1.136047215822200661e-03 -1.482870266228413203e-08 1.669170189632948607e-07 2.112105879099562600e+00 -8.758716597058640778e-12 5.046792447011260473e-21 9.999999471448107613e+01 6.259838290869945461e-12 4.306859164032741450e-12 -2.217718024857444376e-09 -2.233529223263696289e-05 4.350768242762394281e-14 3.179692866545934650e-10 5.703196232141187483e-02 3.673794917534471404e-18 6.259838290869948692e-12 9.995284828819465872e+01
1.753549029711998940e+09 7.933429447228619591e-02 -4.089571420854430078e-11 -8.687003266777233378e-09 5.666281902666898962e-02 -1.704484487584620770e-04 -4.102891353119946820e-12 2.481109713304445060e-06 -3.525355558781342674e-06 4.058976943164283617e-12 -4.089571420855712208e-11 7.933430798476785728e-02 6.029225324559282914e-06 1.703741098631027923e-04 5.668693865146277183e-02 6.009961937999783140e-09 7.647192036625549702e-09 1.143791586494459240e-03 -2.242733244657122934e-09 -8.687003266777231723e-09 6.029225324559279526e-06 7.930223927273771789e-02 -3.002893086611760544e-10 -8.099158207464323992e-07 1.229694117832837218e-04 -1.762278169059579594e-14 -1.599499153610975658e-08 -2.128518999213420141e-05 5.666281902666896880e-02 1.703741098631029278e-04 -3.002893086611773985e-10 9.994449889852528202e+01 3.540793795040489852e-09 -2.002512935479121070e-13 4.584235281452171337e-03 1.679095900719582756e-07 7.359164526347677100e-14 -1.704484487584619415e-04 5.668693865146275795e-02 -8.099158207464321874e-07 3.540793795050015250e-09 9.998906376255355610e+01 -4.874540844271012284e-10 -3.642290416883146696e-10 2.113332478841967177e+00 3.406032310786531433e-10 -4.102891353119958129e-12 6.009961937999792239e-09 1.229694117832838302e-04 -2.002512935479122079e-13 -4.874540844271019522e-10 2.169534768053940355e-01 -1.050287944120315509e-17 -9.790941258595837768e-12 5.827115488876716959e-02 2.481109713304446754e-06 7.647192036625554665e-09 -1.762278169059580225e-14 4.584235281452171337e-03 -3.642290416883140492e-10 -1.050287944120311195e-17 2.169197672443171077e-01 6.535688622044876703e-21 5.057947358987154045e-18 -3.525355558781343945e-06 1.143791586494459890e-03 -1.599499153610976982e-08 1.679095900719579050e-07 2.113332478841967177e+00 -9.790941258595828075e-12 6.535654994946318186e-21 9.999999444960818096e+01 6.718030372180385261e-12 4.058976943164282809e-12 -2.242733244657124588e-09 -2.128518999213419125e-05 7.359164526347797007e-14 3.406032310786537120e-10 5.827115488876718347e-02 5.057947358987225689e-18 6.718030372180389300e-12 9.995284828910259023e+01
1.753549029712011576e+09 7.809657349653763292e-02 -4.114119226133501224e-11 -7.948383196497450102e-09 5.702097332860250889e-02 -1.703172581170791318e-04 -3.099480021034418646e-12 2.499378821664594216e-06 -3.523785244766388512e-06 3.834914474641422478e-12 -4.114119226134782708e-11 7.809658723047506468e-02 6.165156376957523320e-06 1.702429083893462747e-04 5.704528492086009817e-02 6.269499012242447604e-09 7.643785735930762085e-09 1.152213642226925091e-03 -2.270370764096281073e-09 -7.948383196497450102e-09 6.165156376957519932e-06 7.806411157169429460e-02 -4.167633425306991195e-10 -8.687259229843072902e-07 1.237479188028184211e-04 -2.288596809395788177e-14 -1.718852855188496299e-08 -2.022803913713957421e-05 5.702097332860248807e-02 1.702429083893463560e-04 -4.167633425307008256e-10 9.994383841318388306e+01 3.563353736422099141e-09 -3.737650680424607965e-13 4.586947363759756764e-03 1.688794309043519690e-07 1.064782267759817051e-13 -1.703172581170789692e-04 5.704528492086009817e-02 -8.687259229843070784e-07 3.563353736431468616e-09 9.998845602277545197e+01 -5.400689609830358088e-10 -3.663328187070572644e-10 2.114582742863672760e+00 3.636406389524568746e-10 -3.099480021034428340e-12 6.269499012242457530e-09 1.237479188028185837e-04 -3.737650680424609985e-13 -5.400689609830366360e-10 2.169549633040469272e-01 -1.822934099204768018e-17 -1.086267389297771080e-11 5.953417804885384468e-02 2.499378821664595910e-06 7.643785735930768703e-09 -2.288596809395789439e-14 4.586947363759756764e-03 -3.663328187070565923e-10 -1.822934099204763088e-17 2.169197682430479002e-01 8.341328332143999864e-21 6.565172625988976591e-18 -3.523785244766390206e-06 1.152213642226925959e-03 -1.718852855188497623e-08 1.688794309043516513e-07 2.114582742863672760e+00 -1.086267389297769949e-11 8.341294119464983014e-21 9.999999418087337233e+01 7.184815629623468654e-12 3.834914474641420862e-12 -2.270370764096282314e-09 -2.022803913713956065e-05 1.064782267759829168e-13 3.636406389524574950e-10 5.953417804885385856e-02 6.565172625989051317e-18 7.184815629623471885e-12 9.995284829001946036e+01
1.753549029712023973e+09 7.809800372830126569e-02 -4.274485874735069657e-11 -7.738814197813226633e-09 5.826004859327818530e-02 -1.729766520662665745e-04 -2.652160607634633729e-12 2.449957737970498322e-06 -3.580023791356598368e-06 3.812843229826447799e-12 -4.274485874736331108e-11 7.809801812770857110e-02 6.501315192470956209e-06 1.729010646276873606e-04 5.828493016629736345e-02 6.519473824829406000e-09 7.442876819687066145e-09 1.178429684104829143e-03 -2.436716905374673530e-09 -7.738814197813224979e-09 6.501315192470952821e-06 7.806411260911663708e-02 -4.167633182556431989e-10 -8.687261296903837967e-07 1.211793074498482406e-04 -2.193436825795753835e-14 -1.718852842329375460e-08 -2.096284330158544007e-05 5.826004859327816449e-02 1.729010646276874419e-04 -4.167633182556449567e-10 9.994383449017483656e+01 3.565765207313961067e-09 -3.582200994987239742e-13 4.398799375227613849e-03 1.688794309043519690e-07 1.108322696172945711e-13 -1.729766520662664119e-04 5.828493016629736345e-02 -8.687261296903836908e-07 3.565765207323330542e-09 9.998850847135045683e+01 -5.176050364746170944e-10 -3.511006828845773576e-10 2.115822519402856816e+00 3.699320485159555376e-10 -2.652160607634641403e-12 6.519473824829415926e-09 1.211793074498483761e-04 -3.582200994987241761e-13 -5.176050364746178182e-10 2.079339339756744176e-01 -1.674471147631712579e-17 -1.041084481847226063e-11 5.824600089979176110e-02 2.449957737970500016e-06 7.442876819687072762e-09 -2.193436825795755097e-14 4.398799375227613849e-03 -3.511006828845766855e-10 -1.674471147631707957e-17 2.079002350409176469e-01 7.994495471604587751e-21 6.495718949084557530e-18 -3.580023791356600063e-06 1.178429684104830011e-03 -1.718852842329376784e-08 1.688794309043516513e-07 2.115822519402856816e+00 -1.041084481847225094e-11 7.994462681490373926e-21 9.999999418187337596e+01 7.311356054632134892e-12 3.812843229826446991e-12 -2.436716905374675185e-09 -2.096284330158542652e-05 1.108322696172957828e-13 3.699320485159561580e-10 5.824600089979177497e-02 6.495718949084629175e-18 7.311356054632138123e-12 9.995214032986574182e+01
1.753549029712036371e+09 7.689832114165198740e-02 -4.300923489920965770e-11 -7.299451345095741763e-09 5.858404947664010154e-02 -1.729349528711130628e-04 -2.110311307925790644e-12 2.465974638471701519e-06 -3.580373024277180556e-06 3.669230846850469219e-12 -4.300923489922088926e-11 7.689833575307876423e-02 6.628791094999184680e-06 1.728593142803893441e-04 5.860910821594726011e-02 6.768861735270117594e-09 7.443602896668201190e-09 1.186133809731815475e-03 -2.461278413140751592e-09 -7.299451345095741763e-09 6.628791094999181292e-06 7.686405177597623040e-02 -5.562435664354521084e-10 -9.342870365769450357e-07 1.218544803083662837e-04 -2.796345211596293021e-14 -1.852138722090376917e-08 -1.992956620583169643e-05 5.858404947664008072e-02 1.728593142803894255e-04 -5.562435664354540730e-10 9.994313745425900208e+01 3.588081266640982024e-09 -5.606168987847055937e-13 4.401347528788015009e-03 1.698378659933336444e-07 1.519279732560318826e-13 -1.729349528711129002e-04 5.860910821594726011e-02 -9.342870365769448239e-07 3.588081266649109487e-09 9.998786320812369866e+01 -5.770117392632444480e-10 -3.530932722098556640e-10 2.117048174993768850e+00 3.957709111746105730e-10 -2.110311307925796702e-12 6.768861735270127520e-09 1.218544803083664192e-04 -5.606168987847058967e-13 -5.770117392632453786e-10 2.079353915633026795e-01 -2.538736334047608506e-17 -1.162269274581078539e-11 5.948518465140786166e-02 2.465974638471703213e-06 7.443602896668207807e-09 -2.796345211596295545e-14 4.401347528788015009e-03 -3.530932722098548885e-10 -2.538736334047604192e-17 2.079002360396824400e-01 1.026200525533756697e-20 8.291767486806585368e-18 -3.580373024277182674e-06 1.186133809731816126e-03 -1.852138722090378240e-08 1.698378659933333532e-07 2.117048174993768850e+00 -1.162269274581077408e-11 1.026197248616543989e-20 9.999999389709292075e+01 7.835848009906965729e-12 3.669230846850468411e-12 -2.461278413140753246e-09 -1.992956620583168626e-05 1.519279732560330943e-13 3.957709111746111934e-10 5.948518465140787553e-02 8.291767486806657783e-18 7.835848009906968960e-12 9.995214033078507043e+01
1.753549029712049007e+09 7.573501685098754654e-02 -4.328604073558739608e-11 -6.880906409036267901e-09 5.894044494132989059e-02 -1.728430167617780533e-04 -1.586456185491852160e-12 2.483396220220067275e-06 -3.579653135788074100e-06 3.534829520386771641e-12 -4.328604073559823344e-11 7.573503169551290548e-02 6.771332740302161685e-06 1.727673487641200902e-04 5.896569559904392410e-02 7.047906516497266599e-09 7.442106268243633538e-09 1.194513586932389321e-03 -2.488005795816217944e-09 -6.880906409036268728e-09 6.771332740302157450e-06 7.570032901523060520e-02 -7.030332994543411256e-10 -1.001225788980207484e-06 1.225970861190606187e-04 -3.430352191822309375e-14 -1.988354715351063225e-08 -1.888754574824338427e-05 5.894044494132987672e-02 1.727673487641201986e-04 -7.030332994543431935e-10 9.994243207932805717e+01 3.610005676756703622e-09 -7.752624006842006893e-13 4.403944869570779012e-03 1.707747374014519977e-07 1.948084439845776631e-13 -1.728430167617779178e-04 5.896569559904393104e-02 -1.001225788980207484e-06 3.610005676763983639e-09 9.998721063611085924e+01 -6.384940390646745594e-10 -3.550410305870333136e-10 2.118297489536737910e+00 4.220345237372252854e-10 -1.586456185491857411e-12 7.047906516497278179e-09 1.225970861190607813e-04 -7.752624006842012951e-13 -6.384940390646755934e-10 2.079369088023166334e-01 -3.455312593138285808e-17 -1.287812151275168841e-11 6.074819882725757125e-02 2.483396220220068546e-06 7.442106268243640155e-09 -3.430352191822313161e-14 4.403944869570779012e-03 -3.550410305870324347e-10 -3.455312593138282110e-17 2.079002370384299969e-01 1.291788848673036433e-20 1.016361239370077852e-17 -3.579653135788076641e-06 1.194513586932389754e-03 -1.988354715351064549e-08 1.707747374014517330e-07 2.118297489536737910e+00 -1.287812151275167387e-11 1.291785596810878468e-20 9.999999360832876505e+01 8.369418933912965492e-12 3.534829520386771641e-12 -2.488005795816219598e-09 -1.888754574824337410e-05 1.948084439845788748e-13 4.220345237372259058e-10 6.074819882725758513e-02 1.016361239370085247e-17 8.369418933912967108e-12 9.995214033171262713e+01
1.753549029712064981e+09 7.460682802649983014e-02 -4.394575271131450738e-11 -6.293987095792678166e-09 5.963363329782723349e-02 -1.732899842198944412e-04 -7.743329585179674623e-13 2.515639541411451623e-06 -3.590344254336828978e-06 3.362480069445000408e-12 -4.394575271132473728e-11 7.460684329741006093e-02 7.015119096859584066e-06 1.732140335337754595e-04 5.965923090067815071e-02 7.496500721777958775e-09 7.464333147446946104e-09 1.210022620622940460e-03 -2.538275085698643333e-09 -6.293987095792678993e-09 7.015119096859578984e-06 7.457131922074680674e-02 -8.630489449076712243e-10 -1.071264996495758527e-06 1.240404132534006683e-04 -4.120853346557858851e-14 -2.131040961272194363e-08 -1.764993017321441651e-05 5.963363329782721961e-02 1.732140335337755679e-04 -8.630489449076734991e-10 9.994171020760708757e+01 3.632086899540311188e-09 -1.012076832094768352e-12 4.407235419191204984e-03 1.716908823088197364e-07 2.408808321152684374e-13 -1.732899842198943328e-04 5.965923090067814377e-02 -1.071264996495758527e-06 3.632086899547115576e-09 9.998655570473330556e+01 -7.044510135338541644e-10 -3.569456985143214957e-10 2.119880237289488711e+00 4.492455278771723933e-10 -7.743329585179714003e-13 7.496500721777970356e-09 1.240404132534008309e-04 -1.012076832094769362e-12 -7.044510135338554052e-10 2.079388729722202456e-01 -4.466726351981870166e-17 -1.422638298370708156e-11 6.234483923924288851e-02 2.515639541411452893e-06 7.464333147446952721e-09 -4.120853346557863900e-14 4.407235419191204984e-03 -3.569456985143205651e-10 -4.466726351981866469e-17 2.079002380371451353e-01 1.610678925378759981e-20 1.217184242360543600e-17 -3.590344254336831096e-06 1.210022620622941110e-03 -2.131040961272195687e-08 1.716908823088194981e-07 2.119880237289488711e+00 -1.422638298370706541e-11 1.610675747903767735e-20 9.999999331205957276e+01 8.922811442378043657e-12 3.362480069445000004e-12 -2.538275085698644574e-09 -1.764993017321440634e-05 2.408808321152696491e-13 4.492455278771730137e-10 6.234483923924290238e-02 1.217184242360551150e-17 8.922811442378045273e-12 9.995214033264937825e+01
1.753549029712078094e+09 7.351149501685118326e-02 -4.417040734724352268e-11 -5.598184389149647692e-09 6.004814986085992706e-02 -1.729429042720069770e-04 2.435891487052141358e-13 2.535596270603155369e-06 -3.584212805295219459e-06 3.171171074678705280e-12 -4.417040734725415971e-11 7.351151056320419375e-02 7.185137694473988390e-06 1.728670369286462814e-04 6.007396629958678541e-02 7.836710434290856297e-09 7.451585873874122234e-09 1.219621803428108274e-03 -2.566781086848425113e-09 -5.598184389149646864e-09 7.185137694473984155e-06 7.347549058329333471e-02 -1.034252487897861041e-09 -1.143139235572629459e-06 1.249040474766229566e-04 -4.858957912510856023e-14 -2.277603762274833738e-08 -1.658504714695604879e-05 6.004814986085991318e-02 1.728670369286463627e-04 -1.034252487897863936e-09 9.994097840123963294e+01 3.653186995585358734e-09 -1.268467769588671345e-12 4.409930713332199138e-03 1.725825803818787586e-07 2.894317669850566024e-13 -1.729429042720069228e-04 6.007396629958677847e-02 -1.143139235572629459e-06 3.653186995592971691e-09 9.998587876652491957e+01 -7.732456552561512346e-10 -3.587995413978982808e-10 2.121176667102225633e+00 4.769918782396477013e-10 2.435891487052115610e-13 7.836710434290871186e-09 1.249040474766231735e-04 -1.268467769588672557e-12 -7.732456552561525788e-10 2.079405230508635793e-01 -5.561651060303370380e-17 -1.563400286152743781e-11 6.365551425992475865e-02 2.535596270603156640e-06 7.451585873874127197e-09 -4.858957912510862334e-14 4.409930713332199138e-03 -3.587995413978973502e-10 -5.561651060303366683e-17 2.079002390358400953e-01 1.985302302833951605e-20 1.428539305276258092e-17 -3.584212805295221577e-06 1.219621803428109141e-03 -2.277603762274835061e-08 1.725825803818785734e-07 2.121176667102225633e+00 -1.563400286152742166e-11 1.985299168481429982e-20 9.999999301112237049e+01 9.487569828521223486e-12 3.171171074678704472e-12 -2.566781086848426768e-09 -1.658504714695603524e-05 2.894317669850578141e-13 4.769918782396483217e-10 6.365551425992477252e-02 1.428539305276266103e-17 9.487569828521225101e-12 9.995214033359354744e+01
1.753549029712090731e+09 7.244785724527443016e-02 -4.443815842285178897e-11 -5.395655627880547925e-09 6.042265003683323227e-02 -1.727114518947618789e-04 4.493095435673299755e-13 2.553773747633723545e-06 -3.580527189402940046e-06 3.098680176182681251e-12 -4.443815842286362800e-11 7.244787304854834187e-02 7.349562480623312235e-06 1.726356179629074652e-04 6.044866684539590418e-02 8.175771955797620392e-09 7.443923492986780562e-09 1.228365165821717177e-03 -2.591383276280780414e-09 -5.395655627880549579e-09 7.349562480623310541e-06 7.241140204352136678e-02 -1.210601713659820610e-09 -1.216745095088070391e-06 1.256844770831128002e-04 -5.619230773846381900e-14 -2.427832895554124211e-08 -1.555214401293055095e-05 6.042265003683322533e-02 1.726356179629076008e-04 -1.210601713659823712e-09 9.994023759280759123e+01 3.673761352546729827e-09 -1.534411968230526180e-12 4.412526463994558001e-03 1.734522539376587508e-07 3.390066467321688389e-13 -1.727114518947618789e-04 6.044866684539589030e-02 -1.216745095088070603e-06 3.673761352555961576e-09 9.998519083154570808e+01 -8.448009824125868631e-10 -3.606075952413537223e-10 2.122425216407637816e+00 5.052262054686518646e-10 4.493095435673277540e-13 8.175771955797638590e-09 1.256844770831130171e-04 -1.534411968230527594e-12 -8.448009824125883107e-10 2.079421455304637234e-01 -6.697872372461873443e-17 -1.709946163354078811e-11 6.491852836225642243e-02 2.553773747633725239e-06 7.443923492986784698e-09 -5.619230773846388211e-14 4.412526463994558001e-03 -3.606075952413527917e-10 -6.697872372461868513e-17 2.079002400345165424e-01 2.412464624546889884e-20 1.644305829503110396e-17 -3.580527189402942587e-06 1.228365165821718478e-03 -2.427832895554125535e-08 1.734522539376585656e-07 2.122425216407637816e+00 -1.709946163354076872e-11 2.412461450993271861e-20 9.999999270590667777e+01 1.006272199166581252e-11 3.098680176182680040e-12 -2.591383276280782482e-09 -1.555214401293053740e-05 3.390066467321701515e-13 5.052262054686524850e-10 6.491852836225643630e-02 1.644305829503118408e-17 1.006272199166581414e-11 9.995214033454446678e+01
1.753549029712103605e+09 7.244943065068258636e-02 -4.618799190223531834e-11 -5.903014925509289506e-09 6.170933618730806147e-02 -1.752892330331246929e-04 -4.140771582439611877e-13 2.506368248781920109e-06 -3.635243544225093848e-06 3.213125721860649664e-12 -4.618799190224958721e-11 7.244944721588858494e-02 7.748884154585734666e-06 1.752121871388338640e-04 6.173595008924658012e-02 8.514739147001209762e-09 7.255975114112997535e-09 1.255690493540390475e-03 -2.789888684585484910e-09 -5.903014925509291987e-09 7.748884154585732972e-06 7.241140315050828558e-02 -1.210601648680054295e-09 -1.216745397716543463e-06 1.232362178984394555e-04 -5.394910074044579557e-14 -2.427832875423862118e-08 -1.634812365796398868e-05 6.170933618730805453e-02 1.752121871388339996e-04 -1.210601648680057190e-09 9.994023396429831507e+01 3.676295558152546575e-09 -1.473141412845005935e-12 4.238947457476639757e-03 1.734522539376587244e-07 3.585126082046087984e-13 -1.752892330331246929e-04 6.173595008924656624e-02 -1.216745397716543675e-06 3.676295558161778324e-09 9.998524549988651700e+01 -8.110635644188220210e-10 -3.462120802545566113e-10 2.123712676640877817e+00 5.159656881053760586e-10 -4.140771582439646713e-13 8.514739147001227960e-09 1.232362178984396995e-04 -1.473141412845006945e-12 -8.110635644188233652e-10 1.996410112117679991e-01 -6.173714690807550975e-17 -1.641658649048841859e-11 6.356191101188217452e-02 2.506368248781921379e-06 7.255975114113000017e-09 -5.394910074044585868e-14 4.238947457476640625e-03 -3.462120802545557325e-10 -6.173714690807546045e-17 1.996008289448517048e-01 2.316158615661672051e-20 1.660411484363069994e-17 -3.635243544225096389e-06 1.255690493540391776e-03 -2.427832875423863442e-08 1.734522539376585391e-07 2.123712676640877817e+00 -1.641658649048839920e-11 2.316155568796840703e-20 9.999999270690668141e+01 1.028009523647196744e-11 3.213125721860648049e-12 -2.789888684585486978e-09 -1.634812365796397852e-05 3.585126082046102120e-13 5.159656881053766790e-10 6.356191101188218839e-02 1.660411484363078006e-17 1.028009523647196906e-11 9.995129870754520596e+01
1.753549029712116241e+09 7.141617243137246551e-02 -4.656776731479545090e-11 -6.219545919259364105e-09 6.207275028684022811e-02 -1.752796175544825137e-04 -1.087201939812106692e-12 2.523368151554643142e-06 -3.636292319596818151e-06 3.258723714416063515e-12 -4.656776731481213022e-11 7.141618925812004415e-02 7.909986198141632152e-06 1.752025041667194479e-04 6.209956043148383287e-02 8.851651773535776041e-09 7.258068501419991880e-09 1.264207440414858276e-03 -2.812666935119663734e-09 -6.219545919259366587e-09 7.909986198141627070e-06 7.137769540914158661e-02 -1.396174107795344108e-09 -1.299041105167046864e-06 1.239634485919126046e-04 -6.164325012864338321e-14 -2.596070001143191432e-08 -1.532303115641957229e-05 6.207275028684024198e-02 1.752025041667196106e-04 -1.396174107795347831e-09 9.993945229473914083e+01 3.696628825295350133e-09 -1.744090796626118245e-12 4.241437869750688816e-03 1.743089616414975109e-07 4.137461653061389758e-13 -1.752796175544824595e-04 6.209956043148381899e-02 -1.299041105167047499e-06 3.696628825306304072e-09 9.998451673491400982e+01 -8.924206344003328727e-10 -3.479220763473505700e-10 2.124960366027653702e+00 5.476763508910046171e-10 -1.087201939812111741e-12 8.851651773535792584e-09 1.239634485919128486e-04 -1.744090796626119861e-12 -8.924206344003343203e-10 1.996426314135049673e-01 -7.287812727395930797e-17 -1.808502713856902562e-11 6.482491446799520940e-02 2.523368151554644412e-06 7.258068501419995189e-09 -6.164325012864344632e-14 4.241437869750689683e-03 -3.479220763473496395e-10 -7.287812727395924635e-17 1.996008299435597655e-01 2.803499547335334527e-20 1.891242768164705254e-17 -3.636292319596821115e-06 1.264207440414859794e-03 -2.596070001143193086e-08 1.743089616414973521e-07 2.124960366027653702e+00 -1.808502713856900300e-11 2.803496458335736399e-20 9.999999238362819654e+01 1.092715785393900705e-11 3.258723714416061900e-12 -2.812666935119664975e-09 -1.532303115641956212e-05 4.137461653061403894e-13 5.476763508910052375e-10 6.482491446799522328e-02 1.891242768164713574e-17 1.092715785393900866e-11 9.995129870849757481e+01
1.753549029712128878e+09 7.041202433554337448e-02 -4.695122833529101933e-11 -6.679264060168187576e-09 6.244368381629396975e-02 -1.751881180945278672e-04 -2.019020611359389389e-12 2.540673800882999573e-06 -3.635596567298465517e-06 3.331415051631293797e-12 -4.695122833530890711e-11 7.041204143298596119e-02 8.080095593221225887e-06 1.751109742155929311e-04 6.247069366248807210e-02 9.211793398727604664e-09 7.256679797989460332e-09 1.272877566176943169e-03 -2.834809517457028408e-09 -6.679264060168192539e-09 8.080095593221219111e-06 7.037308576566252138e-02 -1.578941153000449900e-09 -1.383153985842673901e-06 1.247057446306828446e-04 -6.922763730747667675e-14 -2.768169392573061367e-08 -1.429975483884773656e-05 6.244368381629397668e-02 1.751109742155931208e-04 -1.578941153000454242e-09 9.993866141508823375e+01 3.716561767552868939e-09 -2.010913548572101672e-12 4.243927879424206837e-03 1.751457885387254456e-07 4.682530809762092864e-13 -1.751881180945278401e-04 6.247069366248805822e-02 -1.383153985842674537e-06 3.716561767565571125e-09 9.998377878236017580e+01 -9.767517959817798380e-10 -3.495923901701913008e-10 2.126207853603893749e+00 5.798858180607053924e-10 -2.019020611359396255e-12 9.211793398727619553e-09 1.247057446306831156e-04 -2.010913548572103692e-12 -9.767517959817812856e-10 1.996442834975229730e-01 -8.386021587382518791e-17 -1.981599421410581755e-11 6.608791790046303349e-02 2.540673800883000844e-06 7.256679797989463640e-09 -6.922763730747675248e-14 4.243927879424207704e-03 -3.495923901701904220e-10 -8.386021587382510163e-17 1.996008309422503124e-01 3.341766683451155486e-20 2.119217116146850966e-17 -3.635596567298468905e-06 1.272877566176944470e-03 -2.768169392573063353e-08 1.751457885387252868e-07 2.126207853603893749e+00 -1.981599421410579170e-11 3.341763509302376962e-20 9.999999205595356955e+01 1.158489512625110064e-11 3.331415051631292585e-12 -2.834809517457030063e-09 -1.429975483884772809e-05 4.682530809762107000e-13 5.798858180607060128e-10 6.608791790046304737e-02 2.119217116146859594e-17 1.158489512625110064e-11 9.995129870945609696e+01
1.753549029712141275e+09 7.041358902436857525e-02 -4.850610087973181034e-11 -7.127771981430988355e-09 6.368269654261053681e-02 -1.770097636032191477e-04 -2.705742816024834036e-12 2.493738512961190003e-06 -3.674331681846607482e-06 3.458981851653097964e-12 -4.850610087975186947e-11 7.041360689510328674e-02 8.485123822419244564e-06 1.769317463729397886e-04 6.371028392818531283e-02 9.548258235957461936e-09 7.052460018948028042e-09 1.299237765235089015e-03 -3.045678539454808859e-09 -7.127771981430994146e-09 8.485123822419237788e-06 7.037308677771771104e-02 -1.578941073067037376e-09 -1.383154317252697176e-06 1.222974815395931375e-04 -6.657014502988744662e-14 -2.768169368671894951e-08 -1.512719901680486808e-05 6.368269654261055068e-02 1.769317463729400055e-04 -1.578941073067041718e-09 9.993865805340352892e+01 3.719014354517192073e-09 -1.933696735892990689e-12 4.083392765225067264e-03 1.751457885387254191e-07 4.942910990460120906e-13 -1.770097636032190935e-04 6.371028392818529895e-02 -1.383154317252697600e-06 3.719014354529894259e-09 9.998383151918599765e+01 -9.392416944436444801e-10 -3.361723346363154110e-10 2.127447630116733546e+00 5.925332438423490493e-10 -2.705742816024842114e-12 9.548258235957475171e-09 1.222974815395933544e-04 -1.933696735892992305e-12 -9.392416944436461345e-10 1.919803202998849601e-01 -7.754447275076582332e-17 -1.905499991873324560e-11 6.474199543614866936e-02 2.493738512961190850e-06 7.052460018948031351e-09 -6.657014502988752235e-14 4.083392765225068999e-03 -3.361723346363145838e-10 -7.754447275076573704e-17 1.919386106680151804e-01 3.213483841839306977e-20 2.142282073393043037e-17 -3.674331681846610870e-06 1.299237765235090316e-03 -2.768169368671896936e-08 1.751457885387252603e-07 2.127447630116733546e+00 -1.905499991873321652e-11 3.213480789538869681e-20 9.999999205695357318e+01 1.184147866790819063e-11 3.458981851653097156e-12 -3.045678539454810513e-09 -1.512719901680486470e-05 4.942910990460135043e-13 5.925332438423496697e-10 6.474199543614868324e-02 2.142282073393051665e-17 1.184147866790819063e-11 9.995042693241602194e+01
1.753549029712153912e+09 6.943732653836624802e-02 -4.871927307366323940e-11 -7.375804707595488322e-09 6.404360963853585054e-02 -1.763825770984792400e-04 -3.267626739511040876e-12 2.509988683636056765e-06 -3.662261875677002039e-06 3.486742990121357022e-12 -4.871927307368456515e-11 6.943734468514670133e-02 8.652590661212082511e-06 1.763047705986451816e-04 6.407139304890289988e-02 9.907251849678455723e-09 7.029293428481951531e-09 1.307704099224624205e-03 -3.066121872131876062e-09 -7.375804707595494112e-09 8.652590661212075735e-06 6.939636356349641877e-02 -1.770616741548960204e-09 -1.476395951062716637e-06 1.229921321942958922e-04 -7.422704950420490072e-14 -2.959237329665244582e-08 -1.411050719852100817e-05 6.404360963853587829e-02 1.763047705986453984e-04 -1.770616741548965167e-09 9.993782628198320594e+01 3.738393361656543770e-09 -2.206666380074441103e-12 4.085785534194354314e-03 1.759550265377076104e-07 5.541824492882275094e-13 -1.763825770984792129e-04 6.407139304890287212e-02 -1.476395951062717484e-06 3.738393361671725843e-09 9.998305270421869295e+01 -1.033953324735170638e-09 -3.377255751627761856e-10 2.128694255076291952e+00 6.284735801944458902e-10 -3.267626739511049762e-12 9.907251849678468958e-09 1.229921321942961361e-04 -2.206666380074442719e-12 -1.033953324735172499e-09 1.919819703749147399e-01 -8.836758643588988057e-17 -2.100156867161689611e-11 6.600498784293071242e-02 2.509988683636057189e-06 7.029293428481954840e-09 -7.422704950420498907e-14 4.085785534194356049e-03 -3.377255751627753584e-10 -8.836758643588978196e-17 1.919386116667374242e-01 3.825815631382553137e-20 2.383120536968092685e-17 -3.662261875677005851e-06 1.307704099224625506e-03 -2.959237329665246567e-08 1.759550265377074780e-07 2.128694255076291952e+00 -2.100156867161686703e-11 3.825812617963715810e-20 9.999999171111619489e+01 1.257657015857781214e-11 3.486742990121355811e-12 -3.066121872131877716e-09 -1.411050719852100648e-05 5.541824492882289231e-13 6.284735801944466140e-10 6.600498784293072629e-02 2.383120536968101621e-17 1.257657015857781214e-11 9.995042693337563833e+01
1.753549029712166309e+09 6.848778715540214390e-02 -4.889199649800399145e-11 -7.414704534175324178e-09 6.438840179030369537e-02 -1.757509355495644567e-04 -3.467312914887820578e-12 2.525568685252642635e-06 -3.650084917039227182e-06 3.468645461203675475e-12 -4.889199649802733345e-11 6.848780557273563552e-02 8.821148342524803344e-06 1.756733432278323557e-04 6.441637369676775360e-02 1.027611908769089446e-08 7.005921171015944240e-09 1.315821274997327432e-03 -3.083935114764263717e-09 -7.414704534175327487e-09 8.821148342524796568e-06 6.844638157474845774e-02 -1.963800388225993367e-09 -1.571409357041241462e-06 1.236558614247173051e-04 -8.194536115481370282e-14 -3.154093106577398656e-08 -1.311023229134728160e-05 6.438840179030373700e-02 1.756733432278325183e-04 -1.963800388225998330e-09 9.993698568942608063e+01 3.757223442442007152e-09 -2.483661229037222437e-12 4.088132168815141083e-03 1.767394536052503909e-07 6.141091837219992990e-13 -1.757509355495644025e-04 6.441637369676771196e-02 -1.571409357041242309e-06 3.757223442457994899e-09 9.998226407720085263e+01 -1.131661575868079197e-09 -3.392311939006152629e-10 2.129916843940747651e+00 6.648856416523975834e-10 -3.467312914887829060e-12 1.027611908769090770e-08 1.236558614247175491e-04 -2.483661229037223244e-12 -1.131661575868081472e-09 1.919836202659593594e-01 -9.935456135224850882e-17 -2.301142530245306422e-11 6.724415018770482644e-02 2.525568685252643058e-06 7.005921171015947549e-09 -8.194536115481382904e-14 4.088132168815142818e-03 -3.392311939006144874e-10 -9.935456135224841021e-17 1.919386126654439861e-01 4.506992190297107225e-20 2.624135850832713472e-17 -3.650084917039230993e-06 1.315821274997328733e-03 -3.154093106577401303e-08 1.767394536052502585e-07 2.129916843940747651e+00 -2.301142530245303514e-11 4.506989191688603161e-20 9.999999136102734099e+01 1.332183270777943044e-11 3.468645461203674264e-12 -3.083935114764264957e-09 -1.311023229134727990e-05 6.141091837220007126e-13 6.648856416523984106e-10 6.724415018770484032e-02 2.624135850832723641e-17 1.332183270777942882e-11 9.995042693434078274e+01
1.753549029712178707e+09 6.848940006443617057e-02 -5.053110698532977557e-11 -7.988154501342882802e-09 6.562739366966460763e-02 -1.776781954287997049e-04 -4.336769149022949267e-12 2.481011932314731317e-06 -3.691138066527564230e-06 3.637879380732724634e-12 -5.053110698535459099e-11 6.848941929605614765e-02 9.247203709025877665e-06 1.775996791792521369e-04 6.565594555493396711e-02 1.063737292746390278e-08 6.822806017957825060e-09 1.342227453760673006e-03 -3.311233856485034313e-09 -7.988154501342886111e-09 9.247203709025872582e-06 6.844638261083865749e-02 -1.963800295181555342e-09 -1.571409734637420723e-06 1.213754179425380770e-04 -7.891595613156096054e-14 -3.154093079246399629e-08 -1.393899317299788113e-05 6.562739366966464927e-02 1.775996791792523266e-04 -1.963800295181559891e-09 9.993698256907946131e+01 3.759677677243119093e-09 -2.391814877157345270e-12 3.939291354559395011e-03 1.767394536052503644e-07 6.468690443660547797e-13 -1.776781954287996507e-04 6.565594555493393936e-02 -1.571409734637421570e-06 3.759677677259106840e-09 9.998231690599305921e+01 -1.089808186852356897e-09 -3.266902973464873424e-10 2.131156620444971672e+00 6.798125416738483551e-10 -4.336769149022958961e-12 1.063737292746391767e-08 1.213754179425382938e-04 -2.391814877157346078e-12 -1.089808186852358758e-09 1.848862166809313590e-01 -9.214322180588605075e-17 -2.216036717576290650e-11 6.595098810393296151e-02 2.481011932314731741e-06 6.822806017957828369e-09 -7.891595613156109938e-14 3.939291354559396746e-03 -3.266902973464866186e-10 -9.214322180588595214e-17 1.848429150917269004e-01 4.340375032940441449e-20 2.653330727307642821e-17 -3.691138066527568041e-06 1.342227453760674307e-03 -3.154093079246402276e-08 1.767394536052502321e-07 2.131156620444971672e+00 -2.216036717576287742e-11 4.340372145186244749e-20 9.999999136202734462e+01 1.362535577654897082e-11 3.637879380732723826e-12 -3.311233856485035967e-09 -1.393899317299788452e-05 6.468690443660561934e-13 6.798125416738491823e-10 6.595098810393297539e-02 2.653330727307652682e-17 1.362535577654897082e-11 9.994952362691908831e+01
